,,,,,,,,,,,,,Solicitação de Obra,,Mapa de Cotação,,Pedido de compra,,Contrato de Cotação e Materiais,
ESTRUTURA DO ORÇAMENTO,RM,INSUMO,4,5,6,7,8,9,10,DATA PLANEJADA TAREFA,DATA DE NECESSIDADE INFORMADA,DATA DE INCLUSAO NO SISTEMA,,Nº COTAÇÃO SISTEMA,Data aprovação cotaçao,Nº PEDIDO SISTEMA,DATA APROVAÇÃO PEDIDO DE COMPRA,Nº CONTRATO SISTEMA,DATA APROVAÇÃO DO CONTRATO,
Soma de 1,,,,,,,,,Data de cronograma,DATA DO PLANEJAMENTO,Data de necessidade informada,data de inclusao,,Cotação,Data aprovação cotaçao,Pedido,Data aprovação pedido,Contrato,Data aprovação contrato,Emissão da nota (primeira)
01.01.04.03.001,861,7889 -  07889-CONSUMO DE ÁGUA E ESGOTO,Total,,,,,,,,#N/A,#N/A,,#N/A,,#N/A,,#N/A,,
001,10332,5613 -  05613-SERVIÇOS TAXA DE ADMINISTRAÇÃO DE PERSONALIZAÇÃO,3,,,,,,,,45944,45867.745590277802,22/07/2025,258,24/07/2025,0,,2091,29/07/2025,
001,11779,5613 -  05613-SERVIÇOS TAXA DE ADMINISTRAÇÃO DE PERSONALIZAÇÃO,3,,,,,,,,45971,45894.483171296299,25/08/2025,297,26/08/2025,0,,2267,,
001,12920,5613 -  05613-SERVIÇOS TAXA DE ADMINISTRAÇÃO DE PERSONALIZAÇÃO,1,,,,,,,,46001,45924.407453703701,24/09/2025,350,24/09/2025,0,,2469,,
001,14027,5613 -  05613-SERVIÇOS TAXA DE ADMINISTRAÇÃO DE PERSONALIZAÇÃO,1,,,,,,,,46035,45954.4757523148,24/10/2025,405,24/10/2025,0,,2638,,
001,14346,5704 -  05704-SERVIÇOS PROJETO DE PERSONALIZAÇÃO - HIDRÁULICO,3,,,,,,,,45964,45964.668842592597,03/11/2025,423,#N/A,0,,2685,05/11/2025,
001,14631,10630 -  10630-SERVIÇOS PROJETO DE PERSONALIZAÇÃO - DRYWALL,4,,,,,,,,45971,45971.641157407401,10/11/2025,435,#N/A,0,,2716,,
001,14861,5701 -  05701-SERVIÇOS PROJETO DE PERSONALIZAÇÃO - ELÉTRICO,2,,,,,,,,45978,45978.713391203702,17/11/2025,457,18/11/2025,0,,2765,,
001,14935,5613 -  05613-SERVIÇOS TAXA DE ADMINISTRAÇÃO DE PERSONALIZAÇÃO,6,,,,,,,,46059,45980.592048611099,19/11/2025,469,24/11/2025,0,,2792,,
001,17690,8141 -  08141-TAXA DE PERSONALIZAÇÃO,1,,,,,,,,46153,46077.605034722197,24/02/2026,620,25/02/2026,0,,3222,,
001,18041,5704 -  05704-SERVIÇOS PROJETO DE PERSONALIZAÇÃO - HIDRÁULICO,1,,,,,,,,46086,46086.644270833298,05/03/2026,634,09/03/2026,0,,3277,,
001,18080,11434 -  11434-PORCELANATO PORTOBELLO 120X120 OPUS NAT,2,,,,,,,,46254,46087.602071759298,06/03/2026,570,26/01/2026,786,19/03/2026,0,,
001,18080,13731 -  13731-PORCELANATO PORTOBELLO 120X120 OPUS POL RET,1,,,,,,,,46254,46087.602071759298,06/03/2026,570,26/01/2026,786,19/03/2026,0,,
001,18388,5704 -  05704-SERVIÇOS PROJETO DE PERSONALIZAÇÃO - HIDRÁULICO,1,,,,,,,,46094,46094.567604166703,13/03/2026,648,13/03/2026,0,,3326,,
001,18800,5613 -  05613-SERVIÇOS TAXA DE ADMINISTRAÇÃO DE PERSONALIZAÇÃO,1,,,,,,,,46181,46105.488217592603,24/03/2026,667,24/03/2026,0,,3419,,
002,14347,5700 -  05700-SERVIÇOS PROJETO DE PERSONALIZAÇÃO - CLIMATIZAÇÃO,1,,,,,,,,45964,45964.665081018502,03/11/2025,424,#N/A,0,,2686,03/11/2025,
002,15256,5703 -  05703-SERVIÇOS PROJETO DE PERSONALIZAÇÃO - GÁS,2,,,,,,,,45993,45993.3803819444,02/12/2025,491,02/12/2025,0,,2832,,
002,18378,5701 -  05701-SERVIÇOS PROJETO DE PERSONALIZAÇÃO - ELÉTRICO,1,,,,,,,,46094,46094.446828703702,13/03/2026,646,13/03/2026,0,,3324,,
003,14346,5704 -  05704-SERVIÇOS PROJETO DE PERSONALIZAÇÃO - HIDRÁULICO,4,,,,,,,,45964,45964.668842592597,03/11/2025,423,#N/A,0,,2685,05/11/2025,
003,14625,5701 -  05701-SERVIÇOS PROJETO DE PERSONALIZAÇÃO - ELÉTRICO,1,,,,,,,,45971,45971.637893518498,10/11/2025,434,#N/A,0,,2715,,
003,18377,10630 -  10630-SERVIÇOS PROJETO DE PERSONALIZAÇÃO - DRYWALL,1,,,,,,,,46094,46094.445416666698,13/03/2026,647,13/03/2026,0,,3325,,
004,14625,5701 -  05701-SERVIÇOS PROJETO DE PERSONALIZAÇÃO - ELÉTRICO,3,,,,,,,,45971,45971.637893518498,10/11/2025,434,#N/A,0,,2715,,
004,14631,10630 -  10630-SERVIÇOS PROJETO DE PERSONALIZAÇÃO - DRYWALL,1,,,,,,,,45971,45971.641157407401,10/11/2025,435,#N/A,0,,2716,,
005,14631,10630 -  10630-SERVIÇOS PROJETO DE PERSONALIZAÇÃO - DRYWALL,5,,,,,,,,45971,45971.641157407401,10/11/2025,435,#N/A,0,,2716,,
005,15256,5703 -  05703-SERVIÇOS PROJETO DE PERSONALIZAÇÃO - GÁS,3,,,,,,,,45993,45993.3803819444,02/12/2025,491,02/12/2025,0,,2832,,
006,14625,5701 -  05701-SERVIÇOS PROJETO DE PERSONALIZAÇÃO - ELÉTRICO,2,,,,,,,,45971,45971.637893518498,10/11/2025,434,#N/A,0,,2715,,
006,14862,5704 -  05704-SERVIÇOS PROJETO DE PERSONALIZAÇÃO - HIDRÁULICO,1,,,,,,,,45978,45978.702708333301,17/11/2025,458,18/11/2025,0,,2764,,
007,15256,5703 -  05703-SERVIÇOS PROJETO DE PERSONALIZAÇÃO - GÁS,1,,,,,,,,45993,45993.3803819444,02/12/2025,491,02/12/2025,0,,2832,,
01.01.01.01.003,1399,5706 -  05706-SERVIÇOS PROJETOS ARQUITETÔNICOS,1,,,,,,,,45744,45666.663680555597,09/01/2025,24,09/01/2025,0,,497,09/01/2025,
01.01.01.01.008,1396,5739 -  05739-SERVIÇOS PROJETOS ESTRUTURAIS,1,,,,,,,,45744,45666.659675925897,09/01/2025,21,09/01/2025,0,,494,09/01/2025,
01.01.01.01.012,1398,5738 -  05738-SERVIÇOS PROJETOS ELETRICOS/TELEFONICO,1,,,,,,,,45744,45666.662256944401,09/01/2025,23,09/01/2025,0,,496,09/01/2025,
01.01.01.01.013,1397,5740 -  05740-SERVIÇOS PROJETOS HIDRAULICO/SANITARIO,1,,,,,,,,45744,45666.660636574103,09/01/2025,22,09/01/2025,0,,495,09/01/2025,
01.01.01.01.015,1395,5725 -  05725-SERVIÇOS PROJETOS DE GÁS,1,,,,,,,,45744,45666.658645833297,09/01/2025,20,09/01/2025,0,,493,09/01/2025,
01.01.01.01.025,1402,5718 -  05718-SERVIÇOS PROJETOS DE DRYWALL,1,,,,,,,,45744,45666.668194444399,09/01/2025,27,09/01/2025,0,,500,09/01/2025,
01.01.01.01.043,1328,5670 -  05670-SERVIÇOS GERENCIAMENTO DE RESIDUOS,1,,,,,,,,45744,45666.378900463002,09/01/2025,5,09/01/2025,0,,478,09/01/2025,
01.01.01.01.048,1400,8628 -  08628-SERVIÇO DE ELABORAÇÃO DE PERFIL DE DESEMPENHO DA EDIFICAÇÃO,1,,,,,,,,45744,45666.665601851899,09/01/2025,25,09/01/2025,0,,498,09/01/2025,
01.01.01.02.003,1330,8837 -  08837-TAXA ART,14,,,,,,,,45744,45666.446909722203,09/01/2025,7,09/01/2025,0,,479,09/01/2025,
01.01.01.02.004,3615,8838 -  08838-TAXAS VAGAS PARA CARGA E DESCARGA,1,,,,,,,,45721,45700.659050925897,12/02/2025,103,12/02/2025,72,12/02/2025,0,,
01.01.01.02.004,4922,8838 -  08838-TAXAS VAGAS PARA CARGA E DESCARGA,1,,,,,,,,45748,45728.454571759299,12/03/2025,134,12/03/2025,145,12/03/2025,0,,
01.01.01.02.004,7217,8838 -  08838-TAXAS VAGAS PARA CARGA E DESCARGA,26,,,,,,,,45831,45789.571759259299,09/05/2025,205,20/05/2025,290,23/06/2025,0,,
01.01.01.02.004,16771,8838 -  08838-TAXAS VAGAS PARA CARGA E DESCARGA,1,,,,,,,,46049,46049.4442361111,27/01/2026,586,02/02/2026,751,18/02/2026,0,,
01.01.01.02.004,17352,8838 -  08838-TAXAS VAGAS PARA CARGA E DESCARGA,1,,,,,,,,46064,46064.628923611097,11/02/2026,610,17/02/2026,769,05/03/2026,0,,
01.01.01.02.004,18345,8838 -  08838-TAXAS VAGAS PARA CARGA E DESCARGA,1,,,,,,,,46093,46093.408981481502,12/03/2026,640,12/03/2026,779,12/03/2026,0,,
01.01.01.04.004,1347,5080 -  05080-SERVIÇOS ACOMPANHAMENTO DE CONCRETAGEM E ROMPIMENTO DE CORPO DE PROVA,1,,,,,,,,45744,45666.449907407397,09/01/2025,8,09/01/2025,0,,480,09/01/2025,
01.01.01.04.004,1348,5080 -  05080-SERVIÇOS ACOMPANHAMENTO DE CONCRETAGEM E ROMPIMENTO DE CORPO DE PROVA,1,,,,,,,,45744,45666.4508333333,09/01/2025,10,09/01/2025,0,,481,09/01/2025,
01.01.01.04.004,15431,5080 -  05080-SERVIÇOS ACOMPANHAMENTO DE CONCRETAGEM E ROMPIMENTO DE CORPO DE PROVA,1,,,,,,,,45996,45996.497997685197,05/12/2025,505,10/12/2025,0,,2959,,
01.01.01.04.013,14560,5072 -  05072-ENSAIO DE ARRANCAMENTO,1,,,,,,,,45967,45967.635046296302,06/11/2025,445,12/11/2025,0,,2749,17/11/2025,
01.01.01.04.015,2756,5578 -  05578-SERVIÇOS DE MONITORAMENTO,4,,,,,,,,45763,45685.713125000002,28/01/2025,57,29/01/2025,0,,910,29/01/2025,
01.01.01.04.015,2756,6298 -  06298-PINOS DE LATAO PARA ENSAIO DE RECALQUE,5,,,,,,,,45763,45685.713125000002,28/01/2025,57,29/01/2025,0,,910,29/01/2025,
01.01.01.04.015,2756,8869 -  08869-SERVIÇOS DE MOBILIZAÇÃO PARA ENSAIOS,1,,,,,,,,45763,45685.713125000002,28/01/2025,57,29/01/2025,0,,910,29/01/2025,
01.01.01.04.015,2756,8870 -  08870-SERVIÇOS DE BENCHMARK EM ESTRUTURA,2,,,,,,,,45763,45685.713125000002,28/01/2025,57,29/01/2025,0,,910,29/01/2025,
01.01.01.04.015,2756,8871 -  08871-SERVIÇO DE INSTALAÇÃO DE PINOS DE BENCHMARK EM ESTRUTURA,3,,,,,,,,45763,45685.713125000002,28/01/2025,57,29/01/2025,0,,910,29/01/2025,
01.01.01.05.001,1349,5001 -  05001-MO MONTAGEM DE GABARITO PARA LOCAÇÃO DE OBRA,1,,,,,,,,45744,45666.4614351852,09/01/2025,11,09/01/2025,0,,482,09/01/2025,
01.01.01.05.002,4528,3288 -  03288-LOCAÇÃO DE FURADEIRA / MARTELETE SDS PLUS,5,,,,,,,,45806,45719.129745370403,03/03/2025,124,03/03/2025,0,,1116,05/03/2025,
01.01.01.05.002,5424,5573 -  05573-MO ACOMPANHAMENTO TOPOGRAFICO,1,,,,,,,,45820,45741.423368055599,24/03/2025,146,25/03/2025,0,,1375,14/04/2025,
01.01.01.05.002,8150,5573 -  05573-MO ACOMPANHAMENTO TOPOGRAFICO,1,,,,,,,,45888,45811.668877314798,03/06/2025,222,05/06/2025,0,,1706,,
01.01.02.01.001,10271,825 -  00825-TELHA METÁLICA PRÉ-PINTADA,1,,,,,,,,45860,45860.385717592602,22/07/2025,257,23/07/2025,357,30/07/2025,0,,
01.01.02.01.001,14499,825 -  00825-TELHA METÁLICA PRÉ-PINTADA,1,,,,,,,,45967,45967.347604166702,06/11/2025,462,18/11/2025,567,25/11/2025,0,,
01.01.02.01.001,14503,7744 -  07744-TINTA PVA 2 LINHA,1,,,,,,,,45967,45967.356805555602,06/11/2025,454,17/11/2025,571,25/11/2025,0,,
01.01.02.01.002,11555,7721 -  07721-TINTA ESMALTE SINTÉTICO BASE ÁGUA,1,,,,,,,,45958,45888.458668981497,19/08/2025,287,20/08/2025,404,21/08/2025,0,,
01.01.02.01.002,11635,9015 -  09015-MO MANUTENÇÃO DE TAPUMES,1,,,,,,,,45973,45889.632118055597,20/08/2025,293,21/08/2025,409,25/08/2025,0,,
01.01.02.01.002,11643,9015 -  09015-MO MANUTENÇÃO DE TAPUMES,1,,,,,,,,45973,45889.724016203698,20/08/2025,294,21/08/2025,410,25/08/2025,0,,
01.01.02.02.001,13476,9793 -  09793-INDENIZAÇÃO DE PEÇAS,1,,,,,,,,46028,45940.316678240699,10/10/2025,376,13/10/2025,494,21/10/2025,0,,
01.01.02.02.002,5135,"4068 -  04068-CABO FLEXÍVEL PP 2X2,5MM",1,,,,,,,,45791,45733.599560185197,17/03/2025,147,25/03/2025,171,28/03/2025,0,,
01.01.02.02.002,6775,8094 -  08094-LÂMPADA LED 11W,7,,,,,,,,45817,45775.581458333298,28/04/2025,188,02/05/2025,229,07/05/2025,0,,
01.01.02.02.002,6775,8098 -  08098-LÂMPADA LED 50W,8,,,,,,,,45817,45775.581458333298,28/04/2025,188,02/05/2025,229,07/05/2025,0,,
01.01.02.02.002,6775,9486 -  09486-BOCAL PVC PENDENTE COM RABICHO E27,9,,,,,,,,45817,45775.581458333298,28/04/2025,188,02/05/2025,229,07/05/2025,0,,
01.01.02.02.002,7061,837 -  00837-CALHA,1,,,,,,,,45824,45783.476412037002,06/05/2025,193,12/05/2025,244,16/05/2025,0,,
01.01.02.02.002,11320,5988 -  05988-CHUVEIRO ELÉTRICO 220V,4,,,,,,,,45924,45882.412349537,13/08/2025,295,22/08/2025,413,01/09/2025,0,,
01.01.02.02.002,12103,6258 -  06258-PARAFUSO COM BUCHA 6MM,4,,,,,,,,45904,45904.571805555599,02/09/2025,326,10/09/2025,438,15/09/2025,0,,
01.01.02.02.002,12103,9528 -  09528-CAIXA DE DESCARGA ELEVADA 9L,3,,,,,,,,45904,45904.571805555599,02/09/2025,326,10/09/2025,438,15/09/2025,0,,
01.01.02.02.002,12110,"6573 -  06573-MANGUEIRA JARDIM 3/4""",1,,,,,,,,45930,45902.631828703699,02/09/2025,371,07/10/2025,475,10/10/2025,0,,
01.01.02.02.002,12113,7707 -  07707-TINTA ACRÍLICA FOSCA BRANCO,1,,,,,,,,45972,45902.640034722201,02/09/2025,310,04/09/2025,480,13/10/2025,0,,
01.01.02.02.002,12287,9069 -  09069-PLUG FÊMEA 20A,1,,,,,,,,45950,45908.424340277801,08/09/2025,339,17/09/2025,447,22/09/2025,0,,
01.01.02.02.002,12287,9070 -  09070-PLUG MACHO 20A,2,,,,,,,,45950,45908.424340277801,08/09/2025,339,17/09/2025,447,22/09/2025,0,,
01.01.02.02.002,14416,"2114 -  02114-ADAPTADOR SOLDÁVEL CURTO 25MMX3/4""",9,,,,,,,,46007,45965.632592592599,04/11/2025,476,27/11/2025,608,05/12/2025,0,,
01.01.02.02.002,14416,2256 -  02256-JOELHO 90 SOLDÁVEL 25MM,8,,,,,,,,46007,45965.632592592599,04/11/2025,476,27/11/2025,608,05/12/2025,0,,
01.01.02.02.002,14416,2389 -  02389-TE SOLDÁVEL 25MM,7,,,,,,,,46007,45965.632592592599,04/11/2025,476,27/11/2025,608,05/12/2025,0,,
01.01.02.02.003,1429,8117 -  08117-MO MONTAGEM DE BARRACO DE OBRA INTERNO,70,,,,,,,,45747,45667.478703703702,10/01/2025,51,24/01/2025,0,,813,24/01/2025,
01.01.02.02.003,1815,7750 -  07750-TINTA SPRAY VERMELHO,3,,,,,,,,45701,45673.1245949074,16/01/2025,38,15/01/2025,18,16/01/2025,0,,
01.01.02.02.003,3069,8952 -  08952-SERVIÇOS DE DEDETIZAÇÃO,2,,,,,,,,45779,45691.615023148202,03/02/2025,137,14/03/2025,0,,1360,08/04/2025,
01.01.02.02.003,3069,9267 -  09267-SERVIÇO DE DESRATIZAÇÃO,1,,,,,,,,45779,45691.615023148202,03/02/2025,137,14/03/2025,0,,1360,08/04/2025,
01.01.02.02.003,3737,2256 -  02256-JOELHO 90 SOLDÁVEL 25MM,9,,,,,,,,45729,45701.628877314797,13/02/2025,114,17/02/2025,114,18/02/2025,0,,
01.01.02.02.003,3737,2300 -  02300-LUVA SOLDÁVEL 25MM,8,,,,,,,,45729,45701.628877314797,13/02/2025,114,17/02/2025,114,18/02/2025,0,,
01.01.02.02.003,3737,2336 -  02336-REGISTRO ESFERA SOLDÁVEL 40MM,11,,,,,,,,45729,45701.628877314797,13/02/2025,114,17/02/2025,114,18/02/2025,0,,
01.01.02.02.003,3737,6429 -  06429-CADEADO COM CHAVE,5,,,,,,,,45729,45701.628877314797,13/02/2025,114,17/02/2025,114,18/02/2025,0,,
01.01.02.02.003,3737,6829 -  06829-FILTRO DE LINHA,12,,,,,,,,45729,45701.628877314797,13/02/2025,114,17/02/2025,114,18/02/2025,0,,
01.01.02.02.003,3737,7642 -  07642-LIXA FERRO 120,10,,,,,,,,45729,45701.628877314797,13/02/2025,114,17/02/2025,114,18/02/2025,0,,
01.01.02.02.003,3737,9301 -  09301-SERVIÇOS DE CHAVEIRO,6,,,,,,,,45729,45701.628877314797,13/02/2025,114,17/02/2025,114,18/02/2025,0,,
01.01.02.02.003,7578,9769 -  09769-TOMADA INDUSTRIAL 63A 3 POLOS,19,,,,,,,,45817,45797.684953703698,20/05/2025,223,05/06/2025,269,09/06/2025,0,,
01.01.02.02.003,7808,"3846 -  03846-MANGUEIRA LISA PRETA 3/4""",3,,,,,,,,45860,45804.550671296303,27/05/2025,217,03/06/2025,356,30/07/2025,0,,
01.01.02.02.003,7808,"4411 -  04411-CABO FLEXÍVEL 750V 2,5MM AZUL",1,,,,,,,,45860,45804.550671296303,27/05/2025,217,03/06/2025,356,30/07/2025,0,,
01.01.02.02.003,7808,"4415 -  04415-CABO FLEXÍVEL 750V 2,5MM PRETO",2,,,,,,,,45860,45804.550671296303,27/05/2025,217,03/06/2025,356,30/07/2025,0,,
01.01.02.02.003,7808,6258 -  06258-PARAFUSO COM BUCHA 6MM,7,,,,,,,,45860,45804.550671296303,27/05/2025,217,03/06/2025,356,30/07/2025,0,,
01.01.02.02.003,7808,8098 -  08098-LÂMPADA LED 50W,5,,,,,,,,45860,45804.550671296303,27/05/2025,217,03/06/2025,356,30/07/2025,0,,
01.01.02.02.003,7808,9486 -  09486-BOCAL PVC PENDENTE COM RABICHO E27,4,,,,,,,,45860,45804.550671296303,27/05/2025,217,03/06/2025,356,30/07/2025,0,,
01.01.02.02.003,9982,"4088 -  04088-CABO FLEXÍVEL PP 4X6,0MM",1,,,,,,,,45909,45853.415914351899,15/07/2025,255,22/07/2025,361,31/07/2025,0,,
01.01.02.02.003,12732,11060 -  11060-TOMADA DE SOBREPOR 3P 20A,11,,,,,,,,45979,45924.601666666698,18/09/2025,354,29/09/2025,478,10/10/2025,0,,
01.01.02.02.003,12732,"4411 -  04411-CABO FLEXÍVEL 750V 2,5MM AZUL",8,,,,,,,,45979,45924.601666666698,18/09/2025,354,29/09/2025,478,10/10/2025,0,,
01.01.02.02.003,12732,"4416 -  04416-CABO FLEXÍVEL 750V 2,5MM VERDE",10,,,,,,,,45979,45924.601666666698,18/09/2025,354,29/09/2025,478,10/10/2025,0,,
01.01.02.02.003,12732,"4417 -  04417-CABO FLEXÍVEL 750V 2,5MM VERMELHO",9,,,,,,,,45979,45924.601666666698,18/09/2025,354,29/09/2025,478,10/10/2025,0,,
01.01.02.02.003,12732,4804 -  04804-FITA ISOLANTE 19MMX20M,14,,,,,,,,45979,45924.601666666698,18/09/2025,354,29/09/2025,478,10/10/2025,0,,
01.01.02.02.003,12732,8088 -  08088-LÂMPADA BULBO LED,13,,,,,,,,45979,45924.601666666698,18/09/2025,354,29/09/2025,478,10/10/2025,0,,
01.01.02.02.003,12732,9486 -  09486-BOCAL PVC PENDENTE COM RABICHO E27,12,,,,,,,,45979,45924.601666666698,18/09/2025,354,29/09/2025,478,10/10/2025,0,,
01.01.02.02.003,13110,"607 -  00607-COMPENSADO RESINADO 14MM 1,10X2,20",1,,,,,,,,45930,45930.453159722201,30/09/2025,367,06/10/2025,482,14/10/2025,0,,
01.01.02.02.003,13110,"8945 -  08945-VIGOTE PINUS 3""X3""",2,,,,,,,,45930,45930.453159722201,30/09/2025,367,06/10/2025,482,14/10/2025,0,,
01.01.02.02.003,13295,11946 -  11946-ADAPTADOR SOLDÁVEL COM FLANGE 32MM,3,,,,,,,,45975,45936.465567129599,06/10/2025,377,13/10/2025,515,27/10/2025,0,,
01.01.02.02.003,13295,12038 -  12038-CAIXA DE ÁGUA 2000L,4,,,,,,,,45975,45936.465567129599,06/10/2025,377,13/10/2025,515,27/10/2025,0,,
01.01.02.02.003,13295,"12039 -  12039-ADAPTADOR SOLDÁVEL COM FLANGE 4""",2,,,,,,,,45975,45936.465567129599,06/10/2025,377,13/10/2025,515,27/10/2025,0,,
01.01.02.02.003,13868,6427 -  06427-CADEADO 50MM,4,,,,,,,,45995,45967.323379629597,21/10/2025,448,12/11/2025,548,13/11/2025,0,,
01.01.02.02.003,13868,6449 -  06449-CORRENTE 6MM,3,,,,,,,,45995,45967.323379629597,21/10/2025,448,12/11/2025,548,13/11/2025,0,,
01.01.02.02.003,14354,4804 -  04804-FITA ISOLANTE 19MMX20M,4,,,,,,,,46006,45964.656932870399,03/11/2025,431,10/11/2025,540,12/11/2025,0,,
01.01.02.02.003,14354,9069 -  09069-PLUG FÊMEA 20A,2,,,,,,,,46006,45964.656932870399,03/11/2025,431,10/11/2025,540,12/11/2025,0,,
01.01.02.02.003,14354,9070 -  09070-PLUG MACHO 20A,1,,,,,,,,46006,45964.656932870399,03/11/2025,431,10/11/2025,540,12/11/2025,0,,
01.01.02.02.003,14354,9711 -  09711-PLUG INDUSTRIAL 63A 4 POLOS,3,,,,,,,,46006,45964.656932870399,03/11/2025,431,10/11/2025,540,12/11/2025,0,,
01.01.02.02.003,14416,1291 -  01291-JOELHO 45 ESGOTO SN DN100,3,,,,,,,,46007,45965.632592592599,04/11/2025,476,27/11/2025,608,05/12/2025,0,,
01.01.02.02.003,14416,1353 -  01353-LUVA SIMPLES ESGOTO SN DN100,4,,,,,,,,46007,45965.632592592599,04/11/2025,476,27/11/2025,608,05/12/2025,0,,
01.01.02.02.003,14416,1377 -  01377-TE ESGOTO SN DN100,1,,,,,,,,46007,45965.632592592599,04/11/2025,476,27/11/2025,608,05/12/2025,0,,
01.01.02.02.003,14416,1381 -  01381-TE ESGOTO SN DN50,5,,,,,,,,46007,45965.632592592599,04/11/2025,476,27/11/2025,608,05/12/2025,0,,
01.01.02.02.003,14416,1394 -  01394-TE REDUÇÃO ESGOTO SN DN100X50,2,,,,,,,,46007,45965.632592592599,04/11/2025,476,27/11/2025,608,05/12/2025,0,,
01.01.02.02.003,14416,1406 -  01406-TUBO ESGOTO SN DN100X6M,6,,,,,,,,46007,45965.632592592599,04/11/2025,476,27/11/2025,608,05/12/2025,0,,
01.01.02.02.003,14416,"2264 -  02264-JOELHO 90 SOLDÁVEL BUCHA LATÃO 25MMX1/2""",14,,,,,,,,46007,45965.632592592599,04/11/2025,476,27/11/2025,608,05/12/2025,0,,
01.01.02.02.003,14416,5971 -  05971-BASE REGISTRO GAVETA PARA PVC 25MM,12,,,,,,,,46007,45965.632592592599,04/11/2025,476,27/11/2025,608,05/12/2025,0,,
01.01.02.02.003,14416,"5974 -  05974-BASE REGISTRO PRESSÃO 3/4""",13,,,,,,,,46007,45965.632592592599,04/11/2025,476,27/11/2025,608,05/12/2025,0,,
01.01.02.02.003,14416,5988 -  05988-CHUVEIRO ELÉTRICO 220V,11,,,,,,,,46007,45965.632592592599,04/11/2025,476,27/11/2025,608,05/12/2025,0,,
01.01.02.02.003,14416,9528 -  09528-CAIXA DE DESCARGA ELEVADA 9L,10,,,,,,,,46007,45965.632592592599,04/11/2025,476,27/11/2025,608,05/12/2025,0,,
01.01.02.02.003,14494,2459 -  02459-CAIXA DE GORDURA COM CESTO E TAMPA DN 300,1,,,,,,,,46034,45967.341076388897,06/11/2025,460,18/11/2025,568,25/11/2025,0,,
01.01.02.02.003,14597,6333 -  06333-DOBRADIÇA,1,,,,,,,,45971,45971.343831018501,10/11/2025,448,12/11/2025,548,13/11/2025,0,,
01.01.02.02.003,15360,2459 -  02459-CAIXA DE GORDURA COM CESTO E TAMPA DN 300,2,,,,,,,,46024,45995.324374999997,04/12/2025,500,10/12/2025,641,05/01/2026,0,,
01.01.02.02.003,15552,4041 -  04041-QUADRO DISTRIBUIÇÃO SOBREPOR 8 DISJUNTORES,6,,,,,,,,46001,46001.482997685198,10/12/2025,525,22/12/2025,649,05/01/2026,0,,
01.01.02.02.003,16168,"4375 -  04375-CABO FLEXÍVEL 750V 10,0MM PRETO",3,,,,,,,,46086,46031.311481481498,09/01/2026,546,12/01/2026,663,13/01/2026,0,,
01.01.02.02.003,16168,"4376 -  04376-CABO FLEXÍVEL 750V 10,0MM VERDE",4,,,,,,,,46086,46031.311481481498,09/01/2026,546,12/01/2026,663,13/01/2026,0,,
01.01.02.02.003,16168,"4464 -  04464-CABO FLEXÍVEL 750V 6,0MM VERDE",2,,,,,,,,46086,46031.311481481498,09/01/2026,546,12/01/2026,663,13/01/2026,0,,
01.01.02.02.003,16168,"4465 -  04465-CABO FLEXÍVEL 750V 6,0MM VERMELHO",1,,,,,,,,46086,46031.311481481498,09/01/2026,546,12/01/2026,663,13/01/2026,0,,
01.01.02.02.003,16435,6529 -  06529-ESTRADO PLÁSTICO,7,,,,,,,,46069,46041.616412037001,19/01/2026,563,20/01/2026,684,22/01/2026,0,,
01.01.02.02.003,16435,"9529 -  09529-BRAÇO CHUVEIRO 40CM 1/2""",5,,,,,,,,46069,46041.616412037001,19/01/2026,563,20/01/2026,684,22/01/2026,0,,
01.01.02.02.003,16451,"8081 -  08081-TELHA FIBROCIMENTO 2,44X1,10 6MM",1,,,,,,,,46083,46042.336099537002,20/01/2026,559,20/01/2026,681,22/01/2026,0,,
01.01.02.02.003,16761,8095 -  08095-LÂMPADA LED 15W,9,,,,,,,,46076,46049.319895833301,27/01/2026,600,10/02/2026,750,18/02/2026,0,,
01.01.02.02.003,16761,8098 -  08098-LÂMPADA LED 50W,8,,,,,,,,46076,46049.319895833301,27/01/2026,600,10/02/2026,750,18/02/2026,0,,
01.01.02.02.003,16761,9486 -  09486-BOCAL PVC PENDENTE COM RABICHO E27,10,,,,,,,,46076,46049.319895833301,27/01/2026,600,10/02/2026,750,18/02/2026,0,,
01.01.02.02.003,16847,2495 -  02495-CORPO CAIXA SIFONADA 100X100XDN50,7,,,,,,,,46092,46051.316469907397,29/01/2026,587,02/02/2026,706,04/02/2026,0,,
01.01.02.02.003,16847,2513 -  02513-GRELHA ABS CROMADA QUADRADA RAD 100,8,,,,,,,,46092,46051.316469907397,29/01/2026,587,02/02/2026,706,04/02/2026,0,,
01.01.02.02.003,16847,2549 -  02549-PORTA GRELHA QUADRADA BRANCO 100,9,,,,,,,,46092,46051.316469907397,29/01/2026,587,02/02/2026,706,04/02/2026,0,,
01.01.02.02.003,16847,5988 -  05988-CHUVEIRO ELÉTRICO 220V,6,,,,,,,,46092,46051.316469907397,29/01/2026,587,02/02/2026,706,04/02/2026,0,,
01.01.02.02.003,16847,6030 -  06030-PROLONGADOR PARA REGISTRO,10,,,,,,,,46092,46051.316469907397,29/01/2026,587,02/02/2026,706,04/02/2026,0,,
01.01.02.02.003,16847,"6048 -  06048-REGISTRO PRESSÃO BRUTO 3/4""",11,,,,,,,,46092,46051.316469907397,29/01/2026,587,02/02/2026,706,04/02/2026,0,,
01.01.02.02.003,17711,12744 -  12744-TINTA ESMALTE SINTÉTICO,1,,,,,,,,46146,46077.801736111098,24/02/2026,622,25/02/2026,757,26/02/2026,0,,
01.01.02.02.003,17711,13380 -  13380-BACIA SANITÁRIA SAÍDA VERTICAL,17,,,,,,,,46146,46077.801736111098,24/02/2026,622,25/02/2026,757,26/02/2026,0,,
01.01.02.02.003,17711,2150 -  02150-ANEL VEDAÇÃO VASO SANITÁRIO,12,,,,,,,,46146,46077.801736111098,24/02/2026,622,25/02/2026,757,26/02/2026,0,,
01.01.02.02.003,17711,2334 -  02334-REGISTRO ESFERA SOLDÁVEL 25MM,2,,,,,,,,46146,46077.801736111098,24/02/2026,622,25/02/2026,757,26/02/2026,0,,
01.01.02.02.003,17711,2350 -  02350-SIFÃO EXTENSÍVEL BRANCO UNIVERSAL,10,,,,,,,,46146,46077.801736111098,24/02/2026,622,25/02/2026,757,26/02/2026,0,,
01.01.02.02.003,17711,"2618 -  02618-TUBO DESC LONGO EXT CAIXA DESCARGA DN40X1,60M",8,,,,,,,,46146,46077.801736111098,24/02/2026,622,25/02/2026,757,26/02/2026,0,,
01.01.02.02.003,17711,2629 -  02629-ASSENTO SANITÁRIO,4,,,,,,,,46146,46077.801736111098,24/02/2026,622,25/02/2026,757,26/02/2026,0,,
01.01.02.02.003,17711,"2649 -  02649-ENGATE FLEXÍVEL PLÁSTICO 1/2""X50CM",11,,,,,,,,46146,46077.801736111098,24/02/2026,622,25/02/2026,757,26/02/2026,0,,
01.01.02.02.003,17711,5892 -  05892-ESPUDE BORRACHA,6,,,,,,,,46146,46077.801736111098,24/02/2026,622,25/02/2026,757,26/02/2026,0,,
01.01.02.02.003,17711,5897 -  05897-KIT FIXAÇÃO BACIA SANITÁRIA,7,,,,,,,,46146,46077.801736111098,24/02/2026,622,25/02/2026,757,26/02/2026,0,,
01.01.02.02.003,17711,6103 -  06103-LAVATÓRIO PVC,9,,,,,,,,46146,46077.801736111098,24/02/2026,622,25/02/2026,757,26/02/2026,0,,
01.01.02.02.003,17711,6333 -  06333-DOBRADIÇA,16,,,,,,,,46146,46077.801736111098,24/02/2026,622,25/02/2026,757,26/02/2026,0,,
01.01.02.02.003,17711,"7669 -  07669-PINCEL 3""",15,,,,,,,,46146,46077.801736111098,24/02/2026,622,25/02/2026,757,26/02/2026,0,,
01.01.02.02.003,17711,7681 -  07681-ROLO DE ESPUMA 23CM,14,,,,,,,,46146,46077.801736111098,24/02/2026,622,25/02/2026,757,26/02/2026,0,,
01.01.02.02.003,17711,9528 -  09528-CAIXA DE DESCARGA ELEVADA 9L,5,,,,,,,,46146,46077.801736111098,24/02/2026,622,25/02/2026,757,26/02/2026,0,,
01.01.02.02.003,17711,9816 -  09816-GARFO PARA ROLO,13,,,,,,,,46146,46077.801736111098,24/02/2026,622,25/02/2026,757,26/02/2026,0,,
01.01.02.02.003,17848,"2648 -  02648-ENGATE FLEXÍVEL PLÁSTICO 1/2""X40CM",8,,,,,,,,46108,46083.505486111098,02/03/2026,630,04/03/2026,782,13/03/2026,0,,
01.01.02.02.003,17848,5892 -  05892-ESPUDE BORRACHA,7,,,,,,,,46108,46083.505486111098,02/03/2026,630,04/03/2026,782,13/03/2026,0,,
01.01.02.02.003,17852,10688 -  10688-MO INSTALAÇÃO DE AR CONDICIONADO,1,,,,,,,,46164,46083.574236111097,02/03/2026,632,05/03/2026,771,05/03/2026,0,,
01.01.02.02.003,18012,"607 -  00607-COMPENSADO RESINADO 14MM 1,10X2,20",1,,,,,,,,46086,46086.3759027778,05/03/2026,677,26/03/2026,810,30/03/2026,0,,
01.01.02.02.003,18012,"8942 -  08942-RIPA PINUS 1""X3""",2,,,,,,,,46086,46086.3759027778,05/03/2026,677,26/03/2026,810,30/03/2026,0,,
01.01.02.02.003,18012,"8945 -  08945-VIGOTE PINUS 3""X3""",3,,,,,,,,46086,46086.3759027778,05/03/2026,677,26/03/2026,810,30/03/2026,0,,
01.01.02.02.003,18575,5892 -  05892-ESPUDE BORRACHA,4,,,,,,,,46126,46099.600150462997,18/03/2026,0,#N/A,0,,0,,
01.01.02.02.004,12525,8276 -  08276-FRIGOBAR,2,,,,,,,,45959,45932.375752314802,12/09/2025,385,15/10/2025,510,24/10/2025,0,,
01.01.02.02.004,15930,6899 -  06899-ESTANTE DE AÇO,1,,,,,,,,46043,46014.412928240701,23/12/2025,532,05/01/2026,647,05/01/2026,0,,
01.01.02.02.004,18159,6895 -  06895-CADEIRA ESCRITÓRIO FIXA,1,,,,,,,,46115,46090.629976851902,09/03/2026,637,09/03/2026,774,10/03/2026,0,,
01.01.02.02.004,18159,6896 -  06896-CADEIRA ESCRITÓRIO GIRATÓRIA,2,,,,,,,,46115,46090.629976851902,09/03/2026,637,09/03/2026,774,10/03/2026,0,,
01.01.02.02.004,18575,6906 -  06906-TELEVISÃO,1,,,,,,,,46126,46099.600150462997,18/03/2026,0,#N/A,0,,0,,
01.01.02.02.004,18575,8304 -  08304-SUPORTE PARA TV,2,,,,,,,,46126,46099.600150462997,18/03/2026,0,#N/A,0,,0,,
01.01.02.02.005,18021,6700 -  06700-BEBEDOURO,1,,,,,,,,46086,46086.460856481499,05/03/2026,0,#N/A,0,,0,,
01.01.02.02.006,7026,6609 -  06609-RESISTENCIA MARMITEIRO 2000WX220V,1,,,,,,,,45807,45782.605150463001,05/05/2025,190,07/05/2025,233,12/05/2025,0,,
01.01.02.03.002,1386,3299 -  03299-LOCAÇÃO DE IMPRESSORA,1,,,,,,,,45744,45666.636412036998,09/01/2025,16,09/01/2025,0,,489,09/01/2025,
01.01.02.03.004,3039,6554 -  06554-LAMINA DE SERRA MANUAL,3,,,,,,,,45705,45691.5006712963,03/02/2025,98,07/02/2025,115,18/02/2025,0,,
01.01.02.03.004,3039,6908 -  06908-COPO PLÁSTICO 180ML,6,,,,,,,,45705,45691.5006712963,03/02/2025,98,07/02/2025,115,18/02/2025,0,,
01.01.02.03.004,3039,6959 -  06959-SACO DE LIXO 100L,5,,,,,,,,45705,45691.5006712963,03/02/2025,98,07/02/2025,115,18/02/2025,0,,
01.01.02.03.004,3039,6966 -  06966-SACO DE LIXO 50L,4,,,,,,,,45705,45691.5006712963,03/02/2025,98,07/02/2025,115,18/02/2025,0,,
01.01.02.03.004,3039,6974 -  06974-VASSOURA GARI 60CM,2,,,,,,,,45705,45691.5006712963,03/02/2025,98,07/02/2025,115,18/02/2025,0,,
01.01.02.03.004,3039,6976 -  06976-VASSOURA NYLON,1,,,,,,,,45705,45691.5006712963,03/02/2025,98,07/02/2025,115,18/02/2025,0,,
01.01.02.03.004,3737,6908 -  06908-COPO PLÁSTICO 180ML,14,,,,,,,,45729,45701.628877314797,13/02/2025,114,17/02/2025,114,18/02/2025,0,,
01.01.02.03.004,3968,9284 -  09284-REFLETOR LED 200W,1,,,,,,,,45796,45707.523009259297,19/02/2025,101,10/02/2025,125,25/02/2025,0,,
01.01.02.03.004,4607,6913 -  06913-DESINFETANTE 5L,10,,,,,,,,45734,45720.397002314799,04/03/2025,131,11/03/2025,154,14/03/2025,0,,
01.01.02.03.004,4607,6916 -  06916-DETERGENTE 5L,11,,,,,,,,45734,45720.397002314799,04/03/2025,131,11/03/2025,154,14/03/2025,0,,
01.01.02.03.004,4607,6920 -  06920-ESCOVA SANITÁRIA,1,,,,,,,,45734,45720.397002314799,04/03/2025,131,11/03/2025,154,14/03/2025,0,,
01.01.02.03.004,4607,6921 -  06921-ESPONJA MULTI USO,13,,,,,,,,45734,45720.397002314799,04/03/2025,131,11/03/2025,154,14/03/2025,0,,
01.01.02.03.004,4607,6945 -  06945-PAPEL HIGIÊNICO,8,,,,,,,,45734,45720.397002314799,04/03/2025,131,11/03/2025,154,14/03/2025,0,,
01.01.02.03.004,4607,6946 -  06946-PAPEL TOALHA,2,,,,,,,,45734,45720.397002314799,04/03/2025,131,11/03/2025,154,14/03/2025,0,,
01.01.02.03.004,4607,6947 -  06947-PEDRA SANITÁRIA,6,,,,,,,,45734,45720.397002314799,04/03/2025,131,11/03/2025,154,14/03/2025,0,,
01.01.02.03.004,4607,6956 -  06956-SABONETE LÍQUIDO 5L,12,,,,,,,,45734,45720.397002314799,04/03/2025,131,11/03/2025,154,14/03/2025,0,,
01.01.02.03.004,4607,6959 -  06959-SACO DE LIXO 100L,5,,,,,,,,45734,45720.397002314799,04/03/2025,131,11/03/2025,154,14/03/2025,0,,
01.01.02.03.004,4607,6966 -  06966-SACO DE LIXO 50L,4,,,,,,,,45734,45720.397002314799,04/03/2025,131,11/03/2025,154,14/03/2025,0,,
01.01.02.03.004,4607,8318 -  08318-PANO MULTIUSO,14,,,,,,,,45734,45720.397002314799,04/03/2025,131,11/03/2025,154,14/03/2025,0,,
01.01.02.03.004,4607,9008 -  09008-ALCOOL PARA LIMPEZA,7,,,,,,,,45734,45720.397002314799,04/03/2025,131,11/03/2025,154,14/03/2025,0,,
01.01.02.03.004,4607,9085 -  09085-ÁGUA SANITÁRIA 5L,9,,,,,,,,45734,45720.397002314799,04/03/2025,131,11/03/2025,154,14/03/2025,0,,
01.01.02.03.004,4607,9542 -  09542-BALDE PLÁSTICO 10L,15,,,,,,,,45734,45720.397002314799,04/03/2025,131,11/03/2025,154,14/03/2025,0,,
01.01.02.03.004,5748,6873 -  06873-PILHA AA,4,,,,,,,,45792,45748.619849536997,01/04/2025,159,04/04/2025,192,14/04/2025,0,,
01.01.02.03.004,6259,10130 -  10130-BALDE METÁLICO 10L,3,,,,,,,,45776,45761.515775462998,14/04/2025,181,24/04/2025,219,30/04/2025,0,,
01.01.02.03.004,6259,6908 -  06908-COPO PLÁSTICO 180ML,6,,,,,,,,45776,45761.515775462998,14/04/2025,181,24/04/2025,219,30/04/2025,0,,
01.01.02.03.004,6259,6913 -  06913-DESINFETANTE 5L,11,,,,,,,,45776,45761.515775462998,14/04/2025,181,24/04/2025,219,30/04/2025,0,,
01.01.02.03.004,6259,6916 -  06916-DETERGENTE 5L,12,,,,,,,,45776,45761.515775462998,14/04/2025,181,24/04/2025,219,30/04/2025,0,,
01.01.02.03.004,6259,6921 -  06921-ESPONJA MULTI USO,14,,,,,,,,45776,45761.515775462998,14/04/2025,181,24/04/2025,219,30/04/2025,0,,
01.01.02.03.004,6259,6944 -  06944-PANO DE CHÃO,15,,,,,,,,45776,45761.515775462998,14/04/2025,181,24/04/2025,219,30/04/2025,0,,
01.01.02.03.004,6259,6946 -  06946-PAPEL TOALHA,5,,,,,,,,45776,45761.515775462998,14/04/2025,181,24/04/2025,219,30/04/2025,0,,
01.01.02.03.004,6259,6947 -  06947-PEDRA SANITÁRIA,4,,,,,,,,45776,45761.515775462998,14/04/2025,181,24/04/2025,219,30/04/2025,0,,
01.01.02.03.004,6259,6956 -  06956-SABONETE LÍQUIDO 5L,13,,,,,,,,45776,45761.515775462998,14/04/2025,181,24/04/2025,219,30/04/2025,0,,
01.01.02.03.004,6259,6959 -  06959-SACO DE LIXO 100L,8,,,,,,,,45776,45761.515775462998,14/04/2025,181,24/04/2025,219,30/04/2025,0,,
01.01.02.03.004,6259,6966 -  06966-SACO DE LIXO 50L,7,,,,,,,,45776,45761.515775462998,14/04/2025,181,24/04/2025,219,30/04/2025,0,,
01.01.02.03.004,6259,9008 -  09008-ALCOOL PARA LIMPEZA,9,,,,,,,,45776,45761.515775462998,14/04/2025,181,24/04/2025,219,30/04/2025,0,,
01.01.02.03.004,6259,9085 -  09085-ÁGUA SANITÁRIA 5L,10,,,,,,,,45776,45761.515775462998,14/04/2025,181,24/04/2025,219,30/04/2025,0,,
01.01.02.03.004,6259,9086 -  09086-NAFTALINA,2,,,,,,,,45776,45761.515775462998,14/04/2025,181,24/04/2025,219,30/04/2025,0,,
01.01.02.03.004,7217,6800 -  06800-CARREGADOR MICRO USB,27,,,,,,,,45831,45789.571759259299,09/05/2025,205,20/05/2025,290,23/06/2025,0,,
01.01.02.03.004,7217,6873 -  06873-PILHA AA,28,,,,,,,,45831,45789.571759259299,09/05/2025,205,20/05/2025,290,23/06/2025,0,,
01.01.02.03.004,7217,9069 -  09069-PLUG FÊMEA 20A,30,,,,,,,,45831,45789.571759259299,09/05/2025,205,20/05/2025,290,23/06/2025,0,,
01.01.02.03.004,7217,9070 -  09070-PLUG MACHO 20A,29,,,,,,,,45831,45789.571759259299,09/05/2025,205,20/05/2025,290,23/06/2025,0,,
01.01.02.03.004,7578,10130 -  10130-BALDE METÁLICO 10L,11,,,,,,,,45817,45797.684953703698,20/05/2025,223,05/06/2025,269,09/06/2025,0,,
01.01.02.03.004,7578,10415 -  10415-PAPEL HIGIÊNICO 9CMX200M,8,,,,,,,,45817,45797.684953703698,20/05/2025,223,05/06/2025,269,09/06/2025,0,,
01.01.02.03.004,7578,6560 -  06560-LONA PLÁSTICA PRETA,1,,,,,,,,45817,45797.684953703698,20/05/2025,223,05/06/2025,269,09/06/2025,0,,
01.01.02.03.004,7578,6908 -  06908-COPO PLÁSTICO 180ML,13,,,,,,,,45817,45797.684953703698,20/05/2025,223,05/06/2025,269,09/06/2025,0,,
01.01.02.03.004,7578,6913 -  06913-DESINFETANTE 5L,3,,,,,,,,45817,45797.684953703698,20/05/2025,223,05/06/2025,269,09/06/2025,0,,
01.01.02.03.004,7578,6944 -  06944-PANO DE CHÃO,4,,,,,,,,45817,45797.684953703698,20/05/2025,223,05/06/2025,269,09/06/2025,0,,
01.01.02.03.004,7578,6946 -  06946-PAPEL TOALHA,5,,,,,,,,45817,45797.684953703698,20/05/2025,223,05/06/2025,269,09/06/2025,0,,
01.01.02.03.004,7578,6956 -  06956-SABONETE LÍQUIDO 5L,6,,,,,,,,45817,45797.684953703698,20/05/2025,223,05/06/2025,269,09/06/2025,0,,
01.01.02.03.004,7578,6973 -  06973-VASSOURA GARI 40CM,2,,,,,,,,45817,45797.684953703698,20/05/2025,223,05/06/2025,269,09/06/2025,0,,
01.01.02.03.004,9491,6908 -  06908-COPO PLÁSTICO 180ML,3,,,,,,,,45855,45842.474050925899,04/07/2025,253,15/07/2025,351,21/07/2025,0,,
01.01.02.03.004,9491,6913 -  06913-DESINFETANTE 5L,5,,,,,,,,45855,45842.474050925899,04/07/2025,253,15/07/2025,351,21/07/2025,0,,
01.01.02.03.004,9491,6916 -  06916-DETERGENTE 5L,4,,,,,,,,45855,45842.474050925899,04/07/2025,253,15/07/2025,351,21/07/2025,0,,
01.01.02.03.004,9491,6945 -  06945-PAPEL HIGIÊNICO,1,,,,,,,,45855,45842.474050925899,04/07/2025,253,15/07/2025,351,21/07/2025,0,,
01.01.02.03.004,9491,6946 -  06946-PAPEL TOALHA,2,,,,,,,,45855,45842.474050925899,04/07/2025,253,15/07/2025,351,21/07/2025,0,,
01.01.02.03.004,9491,9008 -  09008-ALCOOL PARA LIMPEZA,7,,,,,,,,45855,45842.474050925899,04/07/2025,253,15/07/2025,351,21/07/2025,0,,
01.01.02.03.004,9668,6849 -  06849-MARCADOR QUADRO BRANCO AZUL,1,,,,,,,,45860,45847.406620370399,09/07/2025,248,10/07/2025,364,01/08/2025,0,,
01.01.02.03.004,9668,6850 -  06850-MARCADOR QUADRO BRANCO PRETO,2,,,,,,,,45860,45847.406620370399,09/07/2025,248,10/07/2025,364,01/08/2025,0,,
01.01.02.03.004,9668,6851 -  06851-MARCADOR QUADRO BRANCO VERDE,3,,,,,,,,45860,45847.406620370399,09/07/2025,248,10/07/2025,364,01/08/2025,0,,
01.01.02.03.004,9668,6852 -  06852-MARCADOR QUADRO BRANCO VERMELHO,4,,,,,,,,45860,45847.406620370399,09/07/2025,248,10/07/2025,364,01/08/2025,0,,
01.01.02.03.004,10741,6976 -  06976-VASSOURA NYLON,1,,,,,,,,45881,45868.395219907397,30/07/2025,276,06/08/2025,387,12/08/2025,0,,
01.01.02.03.004,11149,6908 -  06908-COPO PLÁSTICO 180ML,1,,,,,,,,45890,45877.608645833301,08/08/2025,286,20/08/2025,407,25/08/2025,0,,
01.01.02.03.004,11320,9065 -  09065-COFFEE BREAK,8,,,,,,,,45924,45882.412349537,13/08/2025,295,22/08/2025,413,01/09/2025,0,,
01.01.02.03.004,12109,6543 -  06543-GRAMPEADOR TIPO TAPECEIRO ALTA PRESSÃO,8,,,,,,,,45916,45902.628217592603,02/09/2025,312,04/09/2025,432,11/09/2025,0,,
01.01.02.03.004,12109,6792 -  06792-CANETA MARCA TEXTO AMARELA,5,,,,,,,,45916,45902.628217592603,02/09/2025,312,04/09/2025,432,11/09/2025,0,,
01.01.02.03.004,12109,6793 -  06793-CANETA MARCA TEXTO AZUL,6,,,,,,,,45916,45902.628217592603,02/09/2025,312,04/09/2025,432,11/09/2025,0,,
01.01.02.03.004,12109,6796 -  06796-CANETA MARCA TEXTO VERDE,7,,,,,,,,45916,45902.628217592603,02/09/2025,312,04/09/2025,432,11/09/2025,0,,
01.01.02.03.004,12109,6839 -  06839-GRAMPO PARA GRAMPEADOR,2,,,,,,,,45916,45902.628217592603,02/09/2025,312,04/09/2025,432,11/09/2025,0,,
01.01.02.03.004,12109,6881 -  06881-PRANCHETA MADEIRA,3,,,,,,,,45916,45902.628217592603,02/09/2025,312,04/09/2025,432,11/09/2025,0,,
01.01.02.03.004,12109,8980 -  08980-EXTRATOR DE GRAMPO,1,,,,,,,,45916,45902.628217592603,02/09/2025,312,04/09/2025,432,11/09/2025,0,,
01.01.02.03.004,12109,9479 -  09479-FITA ADESIVA 45MMX100M TRANSPARENTE,4,,,,,,,,45916,45902.628217592603,02/09/2025,312,04/09/2025,432,11/09/2025,0,,
01.01.02.03.004,12109,9849 -  09849-PAPEL CONTACT TRANSPARENTE,9,,,,,,,,45916,45902.628217592603,02/09/2025,312,04/09/2025,432,11/09/2025,0,,
01.01.02.03.004,12463,10271 -  10271-QUADRO BRANCO UV MOLDURA DE ALUMINIO 180X120CM,4,,,,,,,,45938,45911.697071759299,11/09/2025,330,12/09/2025,451,22/09/2025,0,,
01.01.02.03.004,12463,6786 -  06786-CAIXA ARQUIVO PLÁSTICA,11,,,,,,,,45938,45911.697071759299,11/09/2025,330,12/09/2025,451,22/09/2025,0,,
01.01.02.03.004,12463,6832 -  06832-FITA ADESIVA 45MMX50M TRANSPARENTE,10,,,,,,,,45938,45911.697071759299,11/09/2025,330,12/09/2025,451,22/09/2025,0,,
01.01.02.03.004,12463,6839 -  06839-GRAMPO PARA GRAMPEADOR,9,,,,,,,,45938,45911.697071759299,11/09/2025,330,12/09/2025,451,22/09/2025,0,,
01.01.02.03.004,12463,6849 -  06849-MARCADOR QUADRO BRANCO AZUL,5,,,,,,,,45938,45911.697071759299,11/09/2025,330,12/09/2025,451,22/09/2025,0,,
01.01.02.03.004,12463,6850 -  06850-MARCADOR QUADRO BRANCO PRETO,6,,,,,,,,45938,45911.697071759299,11/09/2025,330,12/09/2025,451,22/09/2025,0,,
01.01.02.03.004,12463,6851 -  06851-MARCADOR QUADRO BRANCO VERDE,7,,,,,,,,45938,45911.697071759299,11/09/2025,330,12/09/2025,451,22/09/2025,0,,
01.01.02.03.004,12463,6852 -  06852-MARCADOR QUADRO BRANCO VERMELHO,8,,,,,,,,45938,45911.697071759299,11/09/2025,330,12/09/2025,451,22/09/2025,0,,
01.01.02.03.004,12463,6898 -  06898-CHALEIRA ELÉTRICA,1,,,,,,,,45938,45911.697071759299,11/09/2025,330,12/09/2025,451,22/09/2025,0,,
01.01.02.03.004,12463,6900 -  06900-GARRAFA TÉRMICA,2,,,,,,,,45938,45911.697071759299,11/09/2025,330,12/09/2025,451,22/09/2025,0,,
01.01.02.03.004,12463,9000 -  09000-ALIMENTAÇÃO,3,,,,,,,,45938,45911.697071759299,11/09/2025,330,12/09/2025,451,22/09/2025,0,,
01.01.02.03.004,12605,6908 -  06908-COPO PLÁSTICO 180ML,8,,,,,,,,45929,45916.614479166703,16/09/2025,345,22/09/2025,452,24/09/2025,0,,
01.01.02.03.004,12605,6913 -  06913-DESINFETANTE 5L,2,,,,,,,,45929,45916.614479166703,16/09/2025,345,22/09/2025,452,24/09/2025,0,,
01.01.02.03.004,12605,6945 -  06945-PAPEL HIGIÊNICO,3,,,,,,,,45929,45916.614479166703,16/09/2025,345,22/09/2025,452,24/09/2025,0,,
01.01.02.03.004,12605,6946 -  06946-PAPEL TOALHA,4,,,,,,,,45929,45916.614479166703,16/09/2025,345,22/09/2025,452,24/09/2025,0,,
01.01.02.03.004,12605,6951 -  06951-RODO,7,,,,,,,,45929,45916.614479166703,16/09/2025,345,22/09/2025,452,24/09/2025,0,,
01.01.02.03.004,12605,6973 -  06973-VASSOURA GARI 40CM,6,,,,,,,,45929,45916.614479166703,16/09/2025,345,22/09/2025,452,24/09/2025,0,,
01.01.02.03.004,12605,6976 -  06976-VASSOURA NYLON,5,,,,,,,,45929,45916.614479166703,16/09/2025,345,22/09/2025,452,24/09/2025,0,,
01.01.02.03.004,12605,9085 -  09085-ÁGUA SANITÁRIA 5L,1,,,,,,,,45929,45916.614479166703,16/09/2025,345,22/09/2025,452,24/09/2025,0,,
01.01.02.03.004,13162,9000 -  09000-ALIMENTAÇÃO,1,,,,,,,,45959,45932.3750462963,02/10/2025,385,15/10/2025,510,24/10/2025,0,,
01.01.02.03.004,13297,6834 -  06834-FITA CREPE 50MMX50M,1,,,,,,,,45936,45936.3908912037,06/10/2025,371,07/10/2025,475,10/10/2025,0,,
01.01.02.03.004,13800,6908 -  06908-COPO PLÁSTICO 180ML,10,,,,,,,,45961,45950.391354166699,20/10/2025,394,21/10/2025,502,23/10/2025,0,,
01.01.02.03.004,13800,6913 -  06913-DESINFETANTE 5L,5,,,,,,,,45961,45950.391354166699,20/10/2025,394,21/10/2025,502,23/10/2025,0,,
01.01.02.03.004,13800,6916 -  06916-DETERGENTE 5L,3,,,,,,,,45961,45950.391354166699,20/10/2025,394,21/10/2025,502,23/10/2025,0,,
01.01.02.03.004,13800,6921 -  06921-ESPONJA MULTI USO,6,,,,,,,,45961,45950.391354166699,20/10/2025,394,21/10/2025,502,23/10/2025,0,,
01.01.02.03.004,13800,6945 -  06945-PAPEL HIGIÊNICO,1,,,,,,,,45961,45950.391354166699,20/10/2025,394,21/10/2025,502,23/10/2025,0,,
01.01.02.03.004,13800,6946 -  06946-PAPEL TOALHA,2,,,,,,,,45961,45950.391354166699,20/10/2025,394,21/10/2025,502,23/10/2025,0,,
01.01.02.03.004,13800,6960 -  06960-SACO DE LIXO 150L,8,,,,,,,,45961,45950.391354166699,20/10/2025,394,21/10/2025,502,23/10/2025,0,,
01.01.02.03.004,13800,6967 -  06967-SACO DE LIXO 60L,7,,,,,,,,45961,45950.391354166699,20/10/2025,394,21/10/2025,502,23/10/2025,0,,
01.01.02.03.004,13800,6976 -  06976-VASSOURA NYLON,9,,,,,,,,45961,45950.391354166699,20/10/2025,394,21/10/2025,502,23/10/2025,0,,
01.01.02.03.004,13800,9085 -  09085-ÁGUA SANITÁRIA 5L,4,,,,,,,,45961,45950.391354166699,20/10/2025,394,21/10/2025,502,23/10/2025,0,,
01.01.02.03.004,13825,6786 -  06786-CAIXA ARQUIVO PLÁSTICA,1,,,,,,,,45961,45950.638576388897,20/10/2025,395,21/10/2025,527,04/11/2025,0,,
01.01.02.03.004,13825,6876 -  06876-PLÁSTICO PARA PLASTIFICAÇÃO A4,2,,,,,,,,45961,45950.638576388897,20/10/2025,395,21/10/2025,527,04/11/2025,0,,
01.01.02.03.004,13825,6945 -  06945-PAPEL HIGIÊNICO,4,,,,,,,,45961,45950.638576388897,20/10/2025,395,21/10/2025,527,04/11/2025,0,,
01.01.02.03.004,13825,9000 -  09000-ALIMENTAÇÃO,6,,,,,,,,45961,45950.638576388897,20/10/2025,395,21/10/2025,527,04/11/2025,0,,
01.01.02.03.004,13875,6873 -  06873-PILHA AA,1,,,,,,,,45964,45951.652407407397,21/10/2025,404,24/10/2025,512,27/10/2025,0,,
01.01.02.03.004,13875,8985 -  08985-KIT MOUSE E TECLADO COM FIO,2,,,,,,,,45964,45951.652407407397,21/10/2025,404,24/10/2025,512,27/10/2025,0,,
01.01.02.03.004,14236,6526 -  06526-ESTOPA BRANCA,2,,,,,,,,45988,45960.441678240699,30/10/2025,433,10/11/2025,538,12/11/2025,0,,
01.01.02.03.004,14236,9274 -  09274-BLOCO ESPUMA MULTIUSO 13X8X23CM,1,,,,,,,,45988,45960.441678240699,30/10/2025,433,10/11/2025,538,12/11/2025,0,,
01.01.02.03.004,14332,9000 -  09000-ALIMENTAÇÃO,7,,,,,,,,45964,45964.586539351898,03/11/2025,466,21/11/2025,572,25/11/2025,0,,
01.01.02.03.004,14506,6908 -  06908-COPO PLÁSTICO 180ML,1,,,,,,,,45980,45967.377685185202,06/11/2025,442,12/11/2025,545,13/11/2025,0,,
01.01.02.03.004,14506,6913 -  06913-DESINFETANTE 5L,8,,,,,,,,45980,45967.377685185202,06/11/2025,442,12/11/2025,545,13/11/2025,0,,
01.01.02.03.004,14506,6914 -  06914-DESINGRIPANTE SPRAY 300ML,7,,,,,,,,45980,45967.377685185202,06/11/2025,442,12/11/2025,545,13/11/2025,0,,
01.01.02.03.004,14506,6916 -  06916-DETERGENTE 5L,5,,,,,,,,45980,45967.377685185202,06/11/2025,442,12/11/2025,545,13/11/2025,0,,
01.01.02.03.004,14506,6945 -  06945-PAPEL HIGIÊNICO,2,,,,,,,,45980,45967.377685185202,06/11/2025,442,12/11/2025,545,13/11/2025,0,,
01.01.02.03.004,14506,6946 -  06946-PAPEL TOALHA,3,,,,,,,,45980,45967.377685185202,06/11/2025,442,12/11/2025,545,13/11/2025,0,,
01.01.02.03.004,14506,6976 -  06976-VASSOURA NYLON,6,,,,,,,,45980,45967.377685185202,06/11/2025,442,12/11/2025,545,13/11/2025,0,,
01.01.02.03.004,14506,9085 -  09085-ÁGUA SANITÁRIA 5L,4,,,,,,,,45980,45967.377685185202,06/11/2025,442,12/11/2025,545,13/11/2025,0,,
01.01.02.03.004,14985,9000 -  09000-ALIMENTAÇÃO,1,,,,,,,,46009,45982.444155092599,21/11/2025,488,02/12/2025,617,11/12/2025,0,,
01.01.02.03.004,14990,6908 -  06908-COPO PLÁSTICO 180ML,1,,,,,,,,45995,45982.479895833298,21/11/2025,468,21/11/2025,574,25/11/2025,0,,
01.01.02.03.004,15155,6908 -  06908-COPO PLÁSTICO 180ML,3,,,,,,,,46002,45989.346516203703,28/11/2025,484,28/11/2025,602,04/12/2025,0,,
01.01.02.03.004,15155,6945 -  06945-PAPEL HIGIÊNICO,1,,,,,,,,46002,45989.346516203703,28/11/2025,484,28/11/2025,602,04/12/2025,0,,
01.01.02.03.004,15155,6946 -  06946-PAPEL TOALHA,2,,,,,,,,46002,45989.346516203703,28/11/2025,484,28/11/2025,602,04/12/2025,0,,
01.01.02.03.004,15156,6563 -  06563-LONA PLÁSTICA PRETA 200 MICRAS,1,,,,,,,,46017,45989.348715277803,28/11/2025,493,02/12/2025,605,05/12/2025,0,,
01.01.02.03.004,15156,9115 -  09115-FITA CREPE 100MMX50M,2,,,,,,,,46017,45989.348715277803,28/11/2025,493,02/12/2025,605,05/12/2025,0,,
01.01.02.03.004,15552,6945 -  06945-PAPEL HIGIÊNICO,10,,,,,,,,46001,46001.482997685198,10/12/2025,525,22/12/2025,649,05/01/2026,0,,
01.01.02.03.004,15552,6948 -  06948-PÓ DE CAFÉ,7,,,,,,,,46001,46001.482997685198,10/12/2025,525,22/12/2025,649,05/01/2026,0,,
01.01.02.03.004,15927,6913 -  06913-DESINFETANTE 5L,7,,,,,,,,46029,46014.400891203702,23/12/2025,533,05/01/2026,653,08/01/2026,0,,
01.01.02.03.004,15927,6936 -  06936-LUVA LÁTEX AMARELA G,8,,,,,,,,46029,46014.400891203702,23/12/2025,533,05/01/2026,653,08/01/2026,0,,
01.01.02.03.004,15927,6944 -  06944-PANO DE CHÃO,6,,,,,,,,46029,46014.400891203702,23/12/2025,533,05/01/2026,653,08/01/2026,0,,
01.01.02.03.004,15927,6951 -  06951-RODO,5,,,,,,,,46029,46014.400891203702,23/12/2025,533,05/01/2026,653,08/01/2026,0,,
01.01.02.03.004,15927,6960 -  06960-SACO DE LIXO 150L,1,,,,,,,,46029,46014.400891203702,23/12/2025,533,05/01/2026,653,08/01/2026,0,,
01.01.02.03.004,15927,6967 -  06967-SACO DE LIXO 60L,2,,,,,,,,46029,46014.400891203702,23/12/2025,533,05/01/2026,653,08/01/2026,0,,
01.01.02.03.004,15927,6973 -  06973-VASSOURA GARI 40CM,4,,,,,,,,46029,46014.400891203702,23/12/2025,533,05/01/2026,653,08/01/2026,0,,
01.01.02.03.004,15927,6976 -  06976-VASSOURA NYLON,3,,,,,,,,46029,46014.400891203702,23/12/2025,533,05/01/2026,653,08/01/2026,0,,
01.01.02.03.004,16382,6862 -  06862-PAPEL A4 COM 500FLS,1,,,,,,,,46051,46038.437986111101,16/01/2026,565,21/01/2026,687,23/01/2026,0,,
01.01.02.03.004,16382,6873 -  06873-PILHA AA,2,,,,,,,,46051,46038.437986111101,16/01/2026,565,21/01/2026,687,23/01/2026,0,,
01.01.02.03.004,16384,6908 -  06908-COPO PLÁSTICO 180ML,3,,,,,,,,46051,46038.443587962996,16/01/2026,564,21/01/2026,685,22/01/2026,0,,
01.01.02.03.004,16384,6916 -  06916-DETERGENTE 5L,4,,,,,,,,46051,46038.443587962996,16/01/2026,564,21/01/2026,685,22/01/2026,0,,
01.01.02.03.004,16384,6921 -  06921-ESPONJA MULTI USO,6,,,,,,,,46051,46038.443587962996,16/01/2026,564,21/01/2026,685,22/01/2026,0,,
01.01.02.03.004,16384,6945 -  06945-PAPEL HIGIÊNICO,1,,,,,,,,46051,46038.443587962996,16/01/2026,564,21/01/2026,685,22/01/2026,0,,
01.01.02.03.004,16384,6946 -  06946-PAPEL TOALHA,2,,,,,,,,46051,46038.443587962996,16/01/2026,564,21/01/2026,685,22/01/2026,0,,
01.01.02.03.004,16384,9008 -  09008-ALCOOL PARA LIMPEZA,7,,,,,,,,46051,46038.443587962996,16/01/2026,564,21/01/2026,685,22/01/2026,0,,
01.01.02.03.004,16384,9085 -  09085-ÁGUA SANITÁRIA 5L,5,,,,,,,,46051,46038.443587962996,16/01/2026,564,21/01/2026,685,22/01/2026,0,,
01.01.02.03.004,16435,6786 -  06786-CAIXA ARQUIVO PLÁSTICA,2,,,,,,,,46069,46041.616412037001,19/01/2026,563,20/01/2026,684,22/01/2026,0,,
01.01.02.03.004,16435,6862 -  06862-PAPEL A4 COM 500FLS,8,,,,,,,,46069,46041.616412037001,19/01/2026,563,20/01/2026,684,22/01/2026,0,,
01.01.02.03.004,16435,6873 -  06873-PILHA AA,9,,,,,,,,46069,46041.616412037001,19/01/2026,563,20/01/2026,684,22/01/2026,0,,
01.01.02.03.004,16435,9317 -  09317-PÓ DE CAFÉ 500GR,3,,,,,,,,46069,46041.616412037001,19/01/2026,563,20/01/2026,684,22/01/2026,0,,
01.01.02.03.004,16847,6835 -  06835-FITA DUPLA FACE,2,,,,,,,,46092,46051.316469907397,29/01/2026,587,02/02/2026,706,04/02/2026,0,,
01.01.02.03.004,16847,6945 -  06945-PAPEL HIGIÊNICO,4,,,,,,,,46092,46051.316469907397,29/01/2026,587,02/02/2026,706,04/02/2026,0,,
01.01.02.03.004,16847,9317 -  09317-PÓ DE CAFÉ 500GR,3,,,,,,,,46092,46051.316469907397,29/01/2026,587,02/02/2026,706,04/02/2026,0,,
01.01.02.03.004,17343,6908 -  06908-COPO PLÁSTICO 180ML,6,,,,,,,,46077,46064.596145833297,11/02/2026,607,12/02/2026,752,19/02/2026,0,,
01.01.02.03.004,17343,6913 -  06913-DESINFETANTE 5L,1,,,,,,,,46077,46064.596145833297,11/02/2026,607,12/02/2026,752,19/02/2026,0,,
01.01.02.03.004,17343,6916 -  06916-DETERGENTE 5L,2,,,,,,,,46077,46064.596145833297,11/02/2026,607,12/02/2026,752,19/02/2026,0,,
01.01.02.03.004,17343,6945 -  06945-PAPEL HIGIÊNICO,7,,,,,,,,46077,46064.596145833297,11/02/2026,607,12/02/2026,752,19/02/2026,0,,
01.01.02.03.004,17343,6960 -  06960-SACO DE LIXO 150L,4,,,,,,,,46077,46064.596145833297,11/02/2026,607,12/02/2026,752,19/02/2026,0,,
01.01.02.03.004,17343,6967 -  06967-SACO DE LIXO 60L,5,,,,,,,,46077,46064.596145833297,11/02/2026,607,12/02/2026,752,19/02/2026,0,,
01.01.02.03.004,17343,9085 -  09085-ÁGUA SANITÁRIA 5L,3,,,,,,,,46077,46064.596145833297,11/02/2026,607,12/02/2026,752,19/02/2026,0,,
01.01.02.03.004,17848,9000 -  09000-ALIMENTAÇÃO,10,,,,,,,,46108,46083.505486111098,02/03/2026,630,04/03/2026,782,13/03/2026,0,,
01.01.02.03.004,17848,9317 -  09317-PÓ DE CAFÉ 500GR,5,,,,,,,,46108,46083.505486111098,02/03/2026,630,04/03/2026,782,13/03/2026,0,,
01.01.02.03.004,18517,6908 -  06908-COPO PLÁSTICO 180ML,5,,,,,,,,46111,46098.590752314798,17/03/2026,657,18/03/2026,785,19/03/2026,0,,
01.01.02.03.004,18517,6944 -  06944-PANO DE CHÃO,4,,,,,,,,46111,46098.590752314798,17/03/2026,657,18/03/2026,785,19/03/2026,0,,
01.01.02.03.004,18517,6945 -  06945-PAPEL HIGIÊNICO,1,,,,,,,,46111,46098.590752314798,17/03/2026,657,18/03/2026,785,19/03/2026,0,,
01.01.02.03.004,18517,6946 -  06946-PAPEL TOALHA,6,,,,,,,,46111,46098.590752314798,17/03/2026,657,18/03/2026,785,19/03/2026,0,,
01.01.02.03.004,18517,6974 -  06974-VASSOURA GARI 60CM,3,,,,,,,,46111,46098.590752314798,17/03/2026,657,18/03/2026,785,19/03/2026,0,,
01.01.02.03.004,18517,6976 -  06976-VASSOURA NYLON,2,,,,,,,,46111,46098.590752314798,17/03/2026,657,18/03/2026,785,19/03/2026,0,,
01.01.02.03.004,18518,6834 -  06834-FITA CREPE 50MMX50M,2,,,,,,,,46125,46098.594351851898,17/03/2026,656,18/03/2026,787,20/03/2026,0,,
01.01.02.03.004,18518,6842 -  06842-LÂMINA DE ESTILETE 18MM,3,,,,,,,,46125,46098.594351851898,17/03/2026,656,18/03/2026,787,20/03/2026,0,,
01.01.02.03.004,18575,6874 -  06874-PILHA AAA,5,,,,,,,,46126,46099.600150462997,18/03/2026,0,#N/A,0,,0,,
01.01.02.03.005,2672,5617 -  05617-LICENÇA FULL SOFTWARE,1,,,,,,,,45771,45684.9909259259,27/01/2025,77,29/01/2025,0,,917,29/01/2025,
01.01.02.03.005,12102,5617 -  05617-LICENÇA FULL SOFTWARE,1,,,,,,,,45987,45902.592928240701,02/09/2025,325,10/09/2025,449,22/09/2025,0,,
01.01.02.03.005,14332,5617 -  05617-LICENÇA FULL SOFTWARE,8,,,,,,,,45964,45964.586539351898,03/11/2025,466,21/11/2025,572,25/11/2025,0,,
01.01.02.03.005,15552,8625 -  08625-SERVIÇO DE FORNECIMENTO DE SOFTWARE PARA QUALIDADE,1,,,,,,,,46001,46001.482997685198,10/12/2025,525,22/12/2025,649,05/01/2026,0,,
01.01.02.03.007,3710,"5672 -  05672-SERVIÇOS IMPRESSÕES, CÓPIAS E ENCADERNAÇÕES - OBRA",1,,,,,,,,45783,45701.4593634259,13/02/2025,107,13/02/2025,77,14/02/2025,0,,
01.01.02.03.007,4941,"5672 -  05672-SERVIÇOS IMPRESSÕES, CÓPIAS E ENCADERNAÇÕES - OBRA",1,,,,,,,,45807,45728.602557870399,12/03/2025,136,12/03/2025,0,,1208,14/03/2025,
01.01.02.03.007,8251,"5672 -  05672-SERVIÇOS IMPRESSÕES, CÓPIAS E ENCADERNAÇÕES - OBRA",1,,,,,,,,45890,45813.421365740702,05/06/2025,233,17/06/2025,282,18/06/2025,0,,
01.01.02.03.007,9196,"5672 -  05672-SERVIÇOS IMPRESSÕES, CÓPIAS E ENCADERNAÇÕES - OBRA",1,,,,,,,,45912,45835.615405092598,27/06/2025,242,30/06/2025,308,30/06/2025,0,,
01.01.02.03.007,12459,"5672 -  05672-SERVIÇOS IMPRESSÕES, CÓPIAS E ENCADERNAÇÕES - OBRA",1,,,,,,,,45912,45911.673125000001,11/09/2025,333,16/09/2025,0,,2423,,
01.01.02.03.007,13825,"5672 -  05672-SERVIÇOS IMPRESSÕES, CÓPIAS E ENCADERNAÇÕES - OBRA",3,,,,,,,,45961,45950.638576388897,20/10/2025,395,21/10/2025,527,04/11/2025,0,,
01.01.02.03.007,15551,"5672 -  05672-SERVIÇOS IMPRESSÕES, CÓPIAS E ENCADERNAÇÕES - OBRA",1,,,,,,,,46001,46001.481504629599,10/12/2025,510,11/12/2025,0,,2893,,
01.01.02.03.007,17113,"5672 -  05672-SERVIÇOS IMPRESSÕES, CÓPIAS E ENCADERNAÇÕES - OBRA",1,,,,,,,,46058,46058.373935185198,05/02/2026,595,05/02/2026,0,,3146,,
01.01.02.03.008,1819,1 -  00001-SERVIÇO DE FRETE,1,,,,,,,,45708,45673.426782407398,16/01/2025,44,16/01/2025,20,17/01/2025,0,,
01.01.02.03.008,1854,1 -  00001-SERVIÇO DE FRETE,1,,,,,,,,45708,45673.4690162037,16/01/2025,41,16/01/2025,19,17/01/2025,0,,
01.01.02.03.008,3083,1 -  00001-SERVIÇO DE FRETE,1,,,,,,,,45727,45691.658379629604,#N/A,89,#N/A,112,,0,,
01.01.02.03.008,3093,1 -  00001-SERVIÇO DE FRETE,1,,,,,,,,45727,45691.659745370402,#N/A,91,#N/A,111,,0,,
01.01.02.03.008,3096,1 -  00001-SERVIÇO DE FRETE,1,,,,,,,,45727,45691.661898148202,#N/A,90,#N/A,110,,0,,
01.01.02.03.008,3801,1 -  00001-SERVIÇO DE FRETE,1,,,,,,,,45737,45702.708518518499,14/02/2025,111,14/02/2025,104,14/02/2025,0,,
01.01.02.03.008,6132,1 -  00001-SERVIÇO DE FRETE,1,,,,,,,,45796,45757.726261574098,10/04/2025,167,11/04/2025,201,15/04/2025,0,,
01.01.02.03.008,11128,1 -  00001-SERVIÇO DE FRETE,1,,,,,,,,45877,45877.384375000001,08/08/2025,278,11/08/2025,395,14/08/2025,0,,
01.01.02.03.008,12460,1 -  00001-SERVIÇO DE FRETE,1,,,,,,,,45911,45911.677141203698,11/09/2025,329,12/09/2025,450,22/09/2025,0,,
01.01.02.03.008,13824,1 -  00001-SERVIÇO DE FRETE,1,,,,,,,,45950,45950.625972222202,20/10/2025,399,23/10/2025,511,24/10/2025,0,,
01.01.02.03.008,14336,1 -  00001-SERVIÇO DE FRETE,1,,,,,,,,45964,45964.595243055599,03/11/2025,422,03/11/2025,537,11/11/2025,0,,
01.01.02.03.008,15558,1 -  00001-SERVIÇO DE FRETE,1,,,,,,,,46001,46001.502083333296,10/12/2025,508,11/12/2025,621,12/12/2025,0,,
01.01.02.03.008,16485,1 -  00001-SERVIÇO DE FRETE,1,,,,,,,,46042,46042.595358796301,20/01/2026,585,02/02/2026,703,03/02/2026,0,,
01.01.02.04.001,15191,8525 -  08525-SERVIÇO DE INSTALAÇÃO PROVISÓRIA DE ENERGIA OBRA - ALTA TENSÃO,1,,,,,,,,45989,45989.562129629601,28/11/2025,485,01/12/2025,0,,3162,11/02/2026,
01.01.02.04.002,12290,3985 -  03985-DISJUNTOR 1X35A,2,,,,,,,,45964,45908.450011574103,08/09/2025,317,09/09/2025,428,11/09/2025,0,,
01.01.02.04.002,12290,4041 -  04041-QUADRO DISTRIBUIÇÃO SOBREPOR 8 DISJUNTORES,3,,,,,,,,45964,45908.450011574103,08/09/2025,317,09/09/2025,428,11/09/2025,0,,
01.01.02.04.002,12290,"4444 -  04444-CABO FLEXÍVEL 750V 4,0MM BRANCO",7,,,,,,,,45964,45908.450011574103,08/09/2025,317,09/09/2025,428,11/09/2025,0,,
01.01.02.04.002,12290,"4447 -  04447-CABO FLEXÍVEL 750V 4,0MM PRETO",1,,,,,,,,45964,45908.450011574103,08/09/2025,317,09/09/2025,428,11/09/2025,0,,
01.01.02.04.002,12290,"4449 -  04449-CABO FLEXÍVEL 750V 4,0MM VERMELHO",6,,,,,,,,45964,45908.450011574103,08/09/2025,317,09/09/2025,428,11/09/2025,0,,
01.01.02.04.002,12290,4802 -  04802-FITA ALTA FUSÃO,5,,,,,,,,45964,45908.450011574103,08/09/2025,317,09/09/2025,428,11/09/2025,0,,
01.01.02.04.002,12290,5797 -  05797-CHAVE BOIA DE NÍVEL,4,,,,,,,,45964,45908.450011574103,08/09/2025,317,09/09/2025,428,11/09/2025,0,,
01.01.02.04.002,16718,4003 -  04003-DISJUNTOR 3X100A,8,,,,,,,,46174,46049.325416666703,26/01/2026,566,22/01/2026,694,29/01/2026,0,,
01.01.02.04.002,16718,4041 -  04041-QUADRO DISTRIBUIÇÃO SOBREPOR 8 DISJUNTORES,9,,,,,,,,46174,46049.325416666703,26/01/2026,566,22/01/2026,694,29/01/2026,0,,
01.01.02.04.002,16718,"4263 -  04263-CABO FLEXÍVEL 1KV HEPR 16,0MM PRETO",14,,,,,,,,46174,46049.325416666703,26/01/2026,566,22/01/2026,694,29/01/2026,0,,
01.01.02.04.002,16718,"4295 -  04295-CABO FLEXÍVEL 1KV HEPR 25,0MM PRETO",13,,,,,,,,46174,46049.325416666703,26/01/2026,566,22/01/2026,694,29/01/2026,0,,
01.01.02.04.002,16718,4733 -  04733-TERMINAL COMPRESSÃO 16MM,12,,,,,,,,46174,46049.325416666703,26/01/2026,566,22/01/2026,694,29/01/2026,0,,
01.01.02.04.002,16718,4736 -  04736-TERMINAL COMPRESSÃO 25MM,10,,,,,,,,46174,46049.325416666703,26/01/2026,566,22/01/2026,694,29/01/2026,0,,
01.01.02.04.002,16718,"9216 -  09216-TERMINAL TIPO PINO 25,0MM",11,,,,,,,,46174,46049.325416666703,26/01/2026,566,22/01/2026,694,29/01/2026,0,,
01.01.02.04.002,16847,13623 -  13623-PLUG STECK FÊMEA 5P 32A,1,,,,,,,,46092,46051.316469907397,29/01/2026,587,02/02/2026,706,04/02/2026,0,,
01.01.02.04.002,17101,"4411 -  04411-CABO FLEXÍVEL 750V 2,5MM AZUL",2,,,,,,,,46112,46057.6632060185,04/02/2026,602,10/02/2026,713,12/02/2026,0,,
01.01.02.04.002,17101,"4416 -  04416-CABO FLEXÍVEL 750V 2,5MM VERDE",3,,,,,,,,46112,46057.6632060185,04/02/2026,602,10/02/2026,713,12/02/2026,0,,
01.01.02.04.002,17101,"4417 -  04417-CABO FLEXÍVEL 750V 2,5MM VERMELHO",1,,,,,,,,46112,46057.6632060185,04/02/2026,602,10/02/2026,713,12/02/2026,0,,
01.01.02.04.002,17101,4804 -  04804-FITA ISOLANTE 19MMX20M,4,,,,,,,,46112,46057.6632060185,04/02/2026,602,10/02/2026,713,12/02/2026,0,,
01.01.02.04.002,17712,4804 -  04804-FITA ISOLANTE 19MMX20M,3,,,,,,,,46104,46077.817951388897,24/02/2026,621,25/02/2026,759,02/03/2026,0,,
01.01.02.04.002,18520,6554 -  06554-LAMINA DE SERRA MANUAL,3,,,,,,,,46139,46098.595844907402,17/03/2026,672,26/03/2026,812,30/03/2026,0,,
01.01.02.04.002,18520,9069 -  09069-PLUG FÊMEA 20A,1,,,,,,,,46139,46098.595844907402,17/03/2026,672,26/03/2026,812,30/03/2026,0,,
01.01.02.04.002,18520,9070 -  09070-PLUG MACHO 20A,2,,,,,,,,46139,46098.595844907402,17/03/2026,672,26/03/2026,812,30/03/2026,0,,
01.01.02.04.002,18715,8089 -  08089-LÂMPADA BULBO LED 12W,1,,,,,,,,46185,46103.737673611096,22/03/2026,672,26/03/2026,812,30/03/2026,0,,
01.01.02.04.002,18715,9486 -  09486-BOCAL PVC PENDENTE COM RABICHO E27,2,,,,,,,,46185,46103.737673611096,22/03/2026,672,26/03/2026,812,30/03/2026,0,,
01.01.02.04.003,15170,4042 -  04042-QUADRO INSTALAÇÃO PROVISÓRIA,1,,,,,,,,45989,45989.402743055602,28/11/2025,501,10/12/2025,627,16/12/2025,0,,
01.01.02.04.003,16804,13623 -  13623-PLUG STECK FÊMEA 5P 32A,1,,,,,,,,46091,46050.433634259301,28/01/2026,602,10/02/2026,713,12/02/2026,0,,
01.01.02.04.003,18027,"4087 -  04087-CABO FLEXÍVEL PP 4X4,0MM",1,,,,,,,,46141,46086.4789467593,05/03/2026,671,26/03/2026,811,30/03/2026,0,,
01.01.02.04.005,8996,"5780 -  05780-BOMBA RECALQUE 10,0CV",2,,,,,,,,45898,45831.6571527778,23/06/2025,241,23/06/2025,294,24/06/2025,0,,
01.01.02.04.005,12301,"2114 -  02114-ADAPTADOR SOLDÁVEL CURTO 25MMX3/4""",11,,,,,,,,45950,45909.3305555556,09/09/2025,328,11/09/2025,442,17/09/2025,0,,
01.01.02.04.005,12301,"2115 -  02115-ADAPTADOR SOLDÁVEL CURTO 32MMX1""",10,,,,,,,,45950,45909.3305555556,09/09/2025,328,11/09/2025,442,17/09/2025,0,,
01.01.02.04.005,12301,"2118 -  02118-ADAPTADOR SOLDÁVEL CURTO 50MMX1.1/2""",12,,,,,,,,45950,45909.3305555556,09/09/2025,328,11/09/2025,442,17/09/2025,0,,
01.01.02.04.005,12301,2133 -  02133-ADESIVO GRANDES DIÂMETROS FRASCO 850G,16,,,,,,,,45950,45909.3305555556,09/09/2025,328,11/09/2025,442,17/09/2025,0,,
01.01.02.04.005,12301,2256 -  02256-JOELHO 90 SOLDÁVEL 25MM,5,,,,,,,,45950,45909.3305555556,09/09/2025,328,11/09/2025,442,17/09/2025,0,,
01.01.02.04.005,12301,2257 -  02257-JOELHO 90 SOLDÁVEL 32MM,4,,,,,,,,45950,45909.3305555556,09/09/2025,328,11/09/2025,442,17/09/2025,0,,
01.01.02.04.005,12301,2259 -  02259-JOELHO 90 SOLDÁVEL 50MM,6,,,,,,,,45950,45909.3305555556,09/09/2025,328,11/09/2025,442,17/09/2025,0,,
01.01.02.04.005,12301,2334 -  02334-REGISTRO ESFERA SOLDÁVEL 25MM,9,,,,,,,,45950,45909.3305555556,09/09/2025,328,11/09/2025,442,17/09/2025,0,,
01.01.02.04.005,12301,2335 -  02335-REGISTRO ESFERA SOLDÁVEL 32MM,7,,,,,,,,45950,45909.3305555556,09/09/2025,328,11/09/2025,442,17/09/2025,0,,
01.01.02.04.005,12301,2337 -  02337-REGISTRO ESFERA SOLDÁVEL 50MM,8,,,,,,,,45950,45909.3305555556,09/09/2025,328,11/09/2025,442,17/09/2025,0,,
01.01.02.04.005,12301,2411 -  02411-TUBO SOLDÁVEL PB 25X6M,2,,,,,,,,45950,45909.3305555556,09/09/2025,328,11/09/2025,442,17/09/2025,0,,
01.01.02.04.005,12301,2412 -  02412-TUBO SOLDÁVEL PB 32X6M,1,,,,,,,,45950,45909.3305555556,09/09/2025,328,11/09/2025,442,17/09/2025,0,,
01.01.02.04.005,12301,2414 -  02414-TUBO SOLDÁVEL PB 50X6M,3,,,,,,,,45950,45909.3305555556,09/09/2025,328,11/09/2025,442,17/09/2025,0,,
01.01.02.04.005,12301,2435 -  02435-UNIÃO SOLDÁVEL 32MM,13,,,,,,,,45950,45909.3305555556,09/09/2025,328,11/09/2025,442,17/09/2025,0,,
01.01.02.04.005,12301,2437 -  02437-UNIÃO SOLDÁVEL 50MM,14,,,,,,,,45950,45909.3305555556,09/09/2025,328,11/09/2025,442,17/09/2025,0,,
01.01.02.04.005,12301,"6053 -  06053-TORNEIRA BOIA 3/4""",15,,,,,,,,45950,45909.3305555556,09/09/2025,328,11/09/2025,442,17/09/2025,0,,
01.01.02.04.005,12301,6671 -  06671-TAMBOR PARA ÁGUA DE 200 LITROS,18,,,,,,,,45950,45909.3305555556,09/09/2025,328,11/09/2025,442,17/09/2025,0,,
01.01.02.04.005,12301,7645 -  07645-LIXA FERRO 220,17,,,,,,,,45950,45909.3305555556,09/09/2025,328,11/09/2025,442,17/09/2025,0,,
01.01.02.04.005,15886,10423 -  10423-TRILHO PERFURADO DIN,1,,,,,,,,46140,46012.642118055599,21/12/2025,526,22/12/2025,642,05/01/2026,0,,
01.01.02.04.005,15886,11914 -  11914-CHAVE CONTADORA C/ RELE TERMICO C/ REGULAGEM 0.5A-15A,3,,,,,,,,46140,46012.642118055599,21/12/2025,526,22/12/2025,642,05/01/2026,0,,
01.01.02.04.005,15886,3986 -  03986-DISJUNTOR 1X40A,2,,,,,,,,46140,46012.642118055599,21/12/2025,526,22/12/2025,642,05/01/2026,0,,
01.01.02.04.005,15886,5797 -  05797-CHAVE BOIA DE NÍVEL,4,,,,,,,,46140,46012.642118055599,21/12/2025,526,22/12/2025,642,05/01/2026,0,,
01.01.02.04.005,16827,2334 -  02334-REGISTRO ESFERA SOLDÁVEL 25MM,3,,,,,,,,46077,46050.669270833299,28/01/2026,580,29/01/2026,705,04/02/2026,0,,
01.01.02.04.005,16827,6055 -  06055-TORNEIRA JARDIM,2,,,,,,,,46077,46050.669270833299,28/01/2026,580,29/01/2026,705,04/02/2026,0,,
01.01.02.04.005,16827,"6573 -  06573-MANGUEIRA JARDIM 3/4""",1,,,,,,,,46077,46050.669270833299,28/01/2026,580,29/01/2026,705,04/02/2026,0,,
01.01.02.04.006,15932,3255 -  03255-LOCAÇÃO DE BANHEIRO QUÍMICO,1,,,,,,,,46099,46014.431770833296,23/12/2025,556,20/01/2026,699,02/02/2026,0,,
01.01.02.04.006,16847,3255 -  03255-LOCAÇÃO DE BANHEIRO QUÍMICO,5,,,,,,,,46092,46051.316469907397,29/01/2026,587,02/02/2026,706,04/02/2026,0,,
01.01.02.04.008,8135,6244 -  06244-PARAFUSO BICROMATIZADO,12,,,,,,,,45895,45811.582418981503,03/06/2025,225,09/06/2025,318,04/07/2025,0,,
01.01.02.04.008,8135,9360 -  09360-BUCHA NYLON 6MM COM ABA,13,,,,,,,,45895,45811.582418981503,03/06/2025,225,09/06/2025,318,04/07/2025,0,,
01.01.02.04.008,11320,6244 -  06244-PARAFUSO BICROMATIZADO,7,,,,,,,,45924,45882.412349537,13/08/2025,295,22/08/2025,413,01/09/2025,0,,
01.01.02.05.001,1128,148 -  00148-BICA GRADUADA,5,,,,,,,,45684,45664.433125000003,#N/A,2,07/01/2025,3,08/01/2025,0,,
01.01.02.05.001,1128,159 -  00159-BRITA RACHÃO,4,,,,,,,,45684,45664.433125000003,#N/A,2,07/01/2025,3,08/01/2025,0,,
01.01.02.05.001,1128,168 -  00168-AREIA MÉDIA,6,,,,,,,,45684,45664.433125000003,#N/A,2,07/01/2025,3,08/01/2025,0,,
01.01.02.05.001,1128,175 -  00175-SAIBRO MEDIO,3,,,,,,,,45684,45664.433125000003,#N/A,2,07/01/2025,3,08/01/2025,0,,
01.01.02.05.001,1128,176 -  00176-SAIBRO GROSSO,2,,,,,,,,45684,45664.433125000003,#N/A,2,07/01/2025,3,08/01/2025,0,,
01.01.02.05.001,2700,174 -  00174-SAIBRO FINO,2,,,,,,,,45713,45685.405092592599,28/01/2025,74,29/01/2025,53,30/01/2025,0,,
01.01.02.05.001,4553,175 -  00175-SAIBRO MEDIO,1,,,,,,,,45740,45719.424884259301,03/03/2025,126,03/03/2025,132,04/03/2025,0,,
01.01.02.05.001,12141,175 -  00175-SAIBRO MEDIO,7,,,,,,,,45987,45902.770983796298,02/09/2025,324,10/09/2025,0,,2559,,
01.01.02.05.001,18577,159 -  00159-BRITA RACHÃO,1,,,,,,,,46099,46099.649502314802,18/03/2026,659,23/03/2026,790,25/03/2026,0,,
01.01.02.05.003,1820,8217 -  08217-SERVIÇOS DE LIMPEZA E CONSERVAÇÃO,2,,,,,,,,45761,45674.388541666704,16/01/2025,46,16/01/2025,25,20/01/2025,0,,
01.01.02.05.003,3019,8567 -  08567-MO LIMPEZA DE RUA COM CARRO PIPA,1,,,,,,,,45771,45691.477037037002,03/02/2025,93,04/02/2025,82,14/02/2025,0,,
01.01.02.06.001,4645,6767 -  06767-FITA ZEBRADA PRETO/AMARELO,9,,,,,,,,45748,45720.702569444402,04/03/2025,141,18/03/2025,165,24/03/2025,0,,
01.01.02.06.001,4645,"6781 -  06781-TELA TAPUME CERQUITE 1,20M",8,,,,,,,,45748,45720.702569444402,04/03/2025,141,18/03/2025,165,24/03/2025,0,,
01.01.02.06.001,6878,7470 -  07470-ESCADA DE FERRO,1,,,,,,,,45946,45776.685057870403,29/04/2025,186,30/04/2025,245,16/05/2025,0,,
01.01.02.06.001,9359,7703 -  07703-TINTA ACRÍLICA,31,,,,,,,,45867,45840.532638888901,02/07/2025,277,06/08/2025,388,12/08/2025,0,,
01.01.02.06.001,10741,6780 -  06780-TELA PROTEÇÃO COLETIVA,5,,,,,,,,45881,45868.395219907397,30/07/2025,276,06/08/2025,387,12/08/2025,0,,
01.01.02.06.001,12762,10596 -  10596-MO MONTAGEM SISTEMA V,26,,,,,,,,46003,45919.472986111097,19/09/2025,374,10/10/2025,0,,2687,04/11/2025,
01.01.02.06.001,12762,10597 -  10597-MO INSTALAÇÃO SISTEMA U,17,,,,,,,,46003,45919.472986111097,19/09/2025,374,10/10/2025,0,,2687,04/11/2025,
01.01.02.06.001,12762,10598 -  10598-MO ASCENÇÃO SISTEMA V,27,,,,,,,,46003,45919.472986111097,19/09/2025,374,10/10/2025,0,,2687,04/11/2025,
01.01.02.06.001,12762,10601 -  10601-PROJETO E ART,33,,,,,,,,46003,45919.472986111097,19/09/2025,374,10/10/2025,0,,2687,04/11/2025,
01.01.02.06.001,12762,"11067 -  11067-SUPORTE METÁLICO SLQA 7,50MX2,00M 60X60X3MM GALVANIZADO PINTADO",31,,,,,,,,46003,45919.472986111097,19/09/2025,374,10/10/2025,0,,2687,04/11/2025,
01.01.02.06.001,12762,"11070 -  11070-ABRACADEIRA DE NYLON K22 BRANCA 1,3X4,8X200MM (100UND)",15,,,,,,,,46003,45919.472986111097,19/09/2025,374,10/10/2025,0,,2687,04/11/2025,
01.01.02.06.001,12762,"11105 -  11105-REDE SLQA 3,5MX35,0 FIO 2,5MM POLIAMIDA MULTIF/UV/SEM NÓ MALHA 05",32,,,,,,,,46003,45919.472986111097,19/09/2025,374,10/10/2025,0,,2687,04/11/2025,
01.01.02.06.001,12762,"11937 -  11937-REDE SLQA 7,0MX35,0 FIO 3,0MM POLIAMIDA MULTIF/UV/SEM NÓ MALHA 05",30,,,,,,,,46003,45919.472986111097,19/09/2025,374,10/10/2025,0,,2687,04/11/2025,
01.01.02.06.001,12762,5682 -  05682-SERVIÇOS TREINAMENTO E APERFEIÇOAMENTO,33,,,,,,,,46003,45919.472986111097,19/09/2025,374,10/10/2025,0,,2687,04/11/2025,
01.01.02.06.001,13108,"6781 -  06781-TELA TAPUME CERQUITE 1,20M",1,,,,,,,,45930,45930.450520833299,30/09/2025,368,06/10/2025,483,14/10/2025,0,,
01.01.02.06.001,13825,6449 -  06449-CORRENTE 6MM,7,,,,,,,,45961,45950.638576388897,20/10/2025,395,21/10/2025,527,04/11/2025,0,,
01.01.02.06.001,14332,7527 -  07527-PLACAS DE SINALIZAÇÃO CANTEIRO,5,,,,,,,,45964,45964.586539351898,03/11/2025,466,21/11/2025,572,25/11/2025,0,,
01.01.02.06.001,15157,"6781 -  06781-TELA TAPUME CERQUITE 1,20M",2,,,,,,,,45989,45989.355405092603,28/11/2025,494,02/12/2025,598,04/12/2025,0,,
01.01.02.06.001,15682,"607 -  00607-COMPENSADO RESINADO 14MM 1,10X2,20",1,,,,,,,,46003,46003.457245370402,11/12/2025,544,12/01/2026,662,13/01/2026,0,,
01.01.02.06.001,15933,"607 -  00607-COMPENSADO RESINADO 14MM 1,10X2,20",1,,,,,,,,46014,46014.461782407401,23/12/2025,544,12/01/2026,662,13/01/2026,0,,
01.01.02.06.001,16385,6764 -  06764-CORDA POLIAMIDA TRANÇADA 12MM,3,,,,,,,,46038,46038.447037037004,16/01/2026,567,22/01/2026,692,29/01/2026,0,,
01.01.02.06.001,16385,6767 -  06767-FITA ZEBRADA PRETO/AMARELO,2,,,,,,,,46038,46038.447037037004,16/01/2026,567,22/01/2026,692,29/01/2026,0,,
01.01.02.06.001,16385,"6781 -  06781-TELA TAPUME CERQUITE 1,20M",1,,,,,,,,46038,46038.447037037004,16/01/2026,567,22/01/2026,692,29/01/2026,0,,
01.01.02.06.001,16983,5732 -  05732-SERVIÇOS PROJETOS DE SEGURANÇA,1,,,,,,,,46055,46055.6951736111,02/02/2026,591,03/02/2026,708,04/02/2026,0,,
01.01.02.06.001,18521,6764 -  06764-CORDA POLIAMIDA TRANÇADA 12MM,2,,,,,,,,46098,46098.599282407398,17/03/2026,673,26/03/2026,809,30/03/2026,0,,
01.01.02.06.001,18521,"6781 -  06781-TELA TAPUME CERQUITE 1,20M",1,,,,,,,,46098,46098.599282407398,17/03/2026,673,26/03/2026,809,30/03/2026,0,,
01.01.02.06.002,6095,"3124 -  03124-TUBO FERRO GALVANIZADO SEM COSTURA 3""X6M",2,,,,,,,,45789,45757.395300925898,10/04/2025,170,14/04/2025,208,16/04/2025,0,,
01.01.02.06.002,6095,6680 -  06680-CABO DE AÇO ALMA FIBRA 6/19,3,,,,,,,,45789,45757.395300925898,10/04/2025,170,14/04/2025,208,16/04/2025,0,,
01.01.02.06.002,6095,"6683 -  06683-CLIP 3/8"" PARA CABO DE AÇO",1,,,,,,,,45789,45757.395300925898,10/04/2025,170,14/04/2025,208,16/04/2025,0,,
01.01.02.06.002,6095,6752 -  06752-MOSQUETÃO OVAL AÇO ROSCA FECHO 25KN,4,,,,,,,,45789,45757.395300925898,10/04/2025,170,14/04/2025,208,16/04/2025,0,,
01.01.02.06.002,12753,6678 -  06678-CABO DE AÇO ALMA AÇO 6/19,1,,,,,,,,45919,45919.361087963,19/09/2025,346,22/09/2025,453,24/09/2025,0,,
01.01.02.06.002,12753,"6683 -  06683-CLIP 3/8"" PARA CABO DE AÇO",2,,,,,,,,45919,45919.361087963,19/09/2025,346,22/09/2025,453,24/09/2025,0,,
01.01.02.06.002,12753,6692 -  06692-OLHAL DE ANCORAGEM,4,,,,,,,,45919,45919.361087963,19/09/2025,346,22/09/2025,453,24/09/2025,0,,
01.01.02.06.002,12753,"9080 -  09080-PARABOLT 3/8""",5,,,,,,,,45919,45919.361087963,19/09/2025,346,22/09/2025,453,24/09/2025,0,,
01.01.02.06.002,13300,10055 -  10055-APLICADOR DE SILICONE,2,,,,,,,,45961,45936.417685185203,06/10/2025,372,08/10/2025,476,10/10/2025,0,,
01.01.02.06.002,13300,186 -  00186-ADESIVO DE ANCORAGEM EPÓXI,1,,,,,,,,45961,45936.417685185203,06/10/2025,372,08/10/2025,476,10/10/2025,0,,
01.01.02.06.002,14744,"9080 -  09080-PARABOLT 3/8""",1,,,,,,,,46015,45973.483043981498,12/11/2025,451,13/11/2025,551,14/11/2025,0,,
01.01.02.06.002,15157,6678 -  06678-CABO DE AÇO ALMA AÇO 6/19,1,,,,,,,,45989,45989.355405092603,28/11/2025,494,02/12/2025,598,04/12/2025,0,,
01.01.02.06.002,15432,6678 -  06678-CABO DE AÇO ALMA AÇO 6/19,1,,,,,,,,45996,45996.503067129597,05/12/2025,515,15/12/2025,637,19/12/2025,0,,
01.01.02.06.002,15552,6381 -  06381-BROCA SDS PLUS 10MMX160MM,4,,,,,,,,46001,46001.482997685198,10/12/2025,525,22/12/2025,649,05/01/2026,0,,
01.01.02.06.002,15552,6404 -  06404-BROCA SDS PLUS 8MMX160MM,5,,,,,,,,46001,46001.482997685198,10/12/2025,525,22/12/2025,649,05/01/2026,0,,
01.01.02.06.002,16080,6357 -  06357-BROCA AÇO RÁPIDO 10MM,1,,,,,,,,46055,46028.643923611096,06/01/2026,540,09/01/2026,670,15/01/2026,0,,
01.01.02.06.002,16169,9077 -  09077-CHAPELETA DE ANCORAGEM 25KN,1,,,,,,,,46058,46031.322025463,09/01/2026,539,09/01/2026,678,22/01/2026,0,,
01.01.02.06.002,16183,"6683 -  06683-CLIP 3/8"" PARA CABO DE AÇO",1,,,,,,,,46058,46031.478194444397,09/01/2026,538,09/01/2026,677,22/01/2026,0,,
01.01.02.06.002,16450,"6683 -  06683-CLIP 3/8"" PARA CABO DE AÇO",2,,,,,,,,46069,46042.335023148102,20/01/2026,538,09/01/2026,677,22/01/2026,0,,
01.01.02.06.002,16453,"3127 -  03127-TUBO FERRO GALVANIZADO SEM COSTURA 4""X6M",1,,,,,,,,46111,46042.344305555598,20/01/2026,558,20/01/2026,680,22/01/2026,0,,
01.01.02.06.002,16453,6240 -  06240-PARAFUSO,3,,,,,,,,46111,46042.344305555598,20/01/2026,558,20/01/2026,680,22/01/2026,0,,
01.01.02.06.002,16453,6317 -  06317-PORCA SEXTAVADO ZINCADA,2,,,,,,,,46111,46042.344305555598,20/01/2026,558,20/01/2026,680,22/01/2026,0,,
01.01.02.06.003,14797,"8942 -  08942-RIPA PINUS 1""X3""",2,,,,,,,,46042,45975.3826736111,14/11/2025,471,24/11/2025,577,26/11/2025,0,,
01.01.02.06.004,13126,7599 -  07599-EXTINTOR PQ 4KG,1,,,,,,,,45971,45930.649976851899,30/09/2025,360,02/10/2025,461,02/10/2025,0,,
01.01.02.06.004,16029,7599 -  07599-EXTINTOR PQ 4KG,1,,,,,,,,46066,46027.611145833303,05/01/2026,550,12/01/2026,795,25/03/2026,0,,
01.01.02.06.005,1429,4855 -  04855-MO OFICIAL,9,,,,,,,,45747,45667.478703703702,10/01/2025,51,24/01/2025,0,,813,24/01/2025,
